Order ID,Amount,Profit,Quantity,Category,Sub-Category,Order Date,CustomerName,State,City,Year,Month Name,Profit Margin
B-25697,4,-3,1,Clothing,Skirt,2018-06-22,Vijay,Jammu and Kashmir,Kashmir,2018,June,-0.75
B-25697,73,-7,1,Electronics,Phones,2018-06-22,Vijay,Jammu and Kashmir,Kashmir,2018,June,-0.095890411
B-25601,8,-2,3,Clothing,Hankerchief,2018-04-01,Bharat,Gujarat,Ahmedabad,2018,April,-0.25
B-25655,6,-3,1,Clothing,Hankerchief,2018-05-11,Nida,Madhya Pradesh,Indore,2018,May,-0.5
B-25655,9,-6,2,Clothing,Skirt,2018-05-11,Nida,Madhya Pradesh,Indore,2018,May,-0.666666667
B-25655,97,-62,2,Clothing,Trousers,2018-05-11,Nida,Madhya Pradesh,Indore,2018,May,-0.639175258
B-25655,7,-4,3,Clothing,Hankerchief,2018-05-11,Nida,Madhya Pradesh,Indore,2018,May,-0.571428571
B-25602,168,-111,2,Electronics,Phones,2018-04-01,Pearl,Maharashtra,Pune,2018,April,-0.660714286
B-25656,6,3,1,Clothing,Hankerchief,2018-05-11,Priyanka,Maharashtra,Pune,2018,May,0.5
B-25656,24,-1,2,Clothing,Hankerchief,2018-05-11,Priyanka,Maharashtra,Pune,2018,May,-0.041666667
B-25656,56,18,2,Clothing,Hankerchief,2018-05-11,Priyanka,Maharashtra,Pune,2018,May,0.321428571
B-25656,61,-23,2,Clothing,Saree,2018-05-11,Priyanka,Maharashtra,Pune,2018,May,-0.37704918
B-25656,406,126,2,Clothing,Saree,2018-05-11,Priyanka,Maharashtra,Pune,2018,May,0.310344828
B-25656,624,37,2,Electronics,Electronic Games,2018-05-11,Priyanka,Maharashtra,Pune,2018,May,0.059294872
B-25656,13,-1,3,Clothing,Hankerchief,2018-05-11,Priyanka,Maharashtra,Pune,2018,May,-0.076923077
B-25603,24,-30,1,Furniture,Chairs,2018-04-03,Jahan,Madhya Pradesh,Bhopal,2018,April,-1.25
B-25603,38,18,1,Clothing,Kurti,2018-04-03,Jahan,Madhya Pradesh,Bhopal,2018,April,0.473684211
B-25603,12,1,2,Clothing,Hankerchief,2018-04-03,Jahan,Madhya Pradesh,Bhopal,2018,April,0.083333333
B-26095,6,1,1,Clothing,Kurti,2019-03-28,Monisha,Rajasthan,Jaipur,2019,March,0.166666667
B-25604,65,17,2,Clothing,T-shirt,2018-04-03,Divsha,Rajasthan,Jaipur,2018,April,0.261538462
B-25651,7,0,1,Clothing,Leggings,2018-05-07,Anurag,Madhya Pradesh,Indore,2018,May,0
B-25651,23,4,1,Clothing,Saree,2018-05-07,Anurag,Madhya Pradesh,Indore,2018,May,0.173913043
B-25651,49,3,1,Clothing,Shirt,2018-05-07,Anurag,Madhya Pradesh,Indore,2018,May,0.06122449
B-25651,11,-4,2,Clothing,Skirt,2018-05-07,Anurag,Madhya Pradesh,Indore,2018,May,-0.363636364
B-25651,16,-10,2,Clothing,T-shirt,2018-05-07,Anurag,Madhya Pradesh,Indore,2018,May,-0.625
B-25698,7,-2,1,Clothing,Hankerchief,2018-06-23,Amisha,Tamil Nadu,Chennai,2018,June,-0.285714286
B-25698,65,-16,2,Electronics,Phones,2018-06-23,Amisha,Tamil Nadu,Chennai,2018,June,-0.246153846
B-25606,87,4,2,Clothing,Shirt,2018-04-06,Hazel,Karnataka,Bangalore,2018,April,0.045977011
B-25873,7,1,1,Clothing,Hankerchief,2018-11-23,Divyeta,Madhya Pradesh,Indore,2018,November,0.142857143
B-25873,42,12,2,Clothing,Kurti,2018-11-23,Divyeta,Madhya Pradesh,Indore,2018,November,0.285714286
B-25873,1275,357,2,Electronics,Phones,2018-11-23,Divyeta,Madhya Pradesh,Indore,2018,November,0.28
B-25707,8,-6,1,Clothing,Stole,2018-07-01,Shivani,Maharashtra,Mumbai,2018,July,-0.75
B-25758,8,-2,1,Clothing,Stole,2018-08-22,Shubham,Himachal Pradesh,Simla,2018,August,-0.25
B-25743,9,-5,1,Clothing,Saree,2018-08-07,Aman,Nagaland,Kohima,2018,August,-0.555555556
B-25743,503,-56,2,Clothing,Trousers,2018-08-07,Aman,Nagaland,Kohima,2018,August,-0.111332008
B-25610,30,-5,2,Furniture,Furnishings,2018-04-09,Yogesh,Bihar,Patna,2018,April,-0.166666667
B-26099,9,3,1,Clothing,Skirt,2019-03-30,Bhishm,Maharashtra,Mumbai,2019,March,0.333333333
B-25611,160,-59,2,Clothing,Saree,2018-04-11,Anita,Kerala ,Thiruvananthapuram,2018,April,-0.36875
B-25710,10,-1,1,Clothing,Leggings,2018-07-05,Megha,Maharashtra,Pune,2018,July,-0.1
B-25710,13,-8,1,Clothing,T-shirt,2018-07-05,Megha,Maharashtra,Pune,2018,July,-0.615384615
B-25612,259,-55,2,Furniture,Chairs,2018-04-12,Shrichand,Punjab,Chandigarh,2018,April,-0.212355212
B-25751,10,-8,1,Clothing,Kurti,2018-08-14,Nishant,Maharashtra,Mumbai,2018,August,-0.8
B-25751,14,-3,2,Clothing,Leggings,2018-08-14,Nishant,Maharashtra,Mumbai,2018,August,-0.214285714
B-25751,43,-5,2,Clothing,Saree,2018-08-14,Nishant,Maharashtra,Mumbai,2018,August,-0.11627907
B-25751,68,-56,2,Electronics,Phones,2018-08-14,Nishant,Maharashtra,Mumbai,2018,August,-0.823529412
B-25751,106,0,2,Electronics,Phones,2018-08-14,Nishant,Maharashtra,Mumbai,2018,August,0
B-25751,221,-15,2,Electronics,Electronic Games,2018-08-14,Nishant,Maharashtra,Mumbai,2018,August,-0.067873303
B-25751,534,5,2,Electronics,Electronic Games,2018-08-14,Nishant,Maharashtra,Mumbai,2018,August,0.009363296
B-25751,32,7,3,Clothing,Hankerchief,2018-08-14,Nishant,Maharashtra,Mumbai,2018,August,0.21875
B-25870,10,4,1,Clothing,Kurti,2018-11-20,Pranav,Andhra Pradesh,Hyderabad,2018,November,0.4
B-25614,98,-12,2,Electronics,Electronic Games,2018-04-13,Vandana,Himachal Pradesh,Simla,2018,April,-0.12244898
B-25989,10,5,1,Clothing,Stole,2019-02-01,Anjali,Delhi,Delhi,2019,February,0.5
B-25989,42,15,1,Electronics,Accessories,2019-02-01,Anjali,Delhi,Delhi,2019,February,0.357142857
B-25989,330,81,1,Furniture,Bookcases,2019-02-01,Anjali,Delhi,Delhi,2019,February,0.245454545
B-26008,10,-1,1,Clothing,Saree,2019-02-09,Kalyani,Tamil Nadu,Chennai,2019,February,-0.1
B-26008,22,4,1,Clothing,Stole,2019-02-09,Kalyani,Tamil Nadu,Chennai,2019,February,0.181818182
B-25616,14,-2,3,Clothing,Hankerchief,2018-04-15,Kanak,Goa,Goa,2018,April,-0.142857143
B-25616,22,-2,3,Clothing,Hankerchief,2018-04-15,Kanak,Goa,Goa,2018,April,-0.090909091
B-26030,11,5,1,Clothing,Skirt,2019-02-21,Sarita,Maharashtra,Pune,2019,February,0.454545455
B-26030,291,93,2,Electronics,Printers,2019-02-21,Sarita,Maharashtra,Pune,2019,February,0.319587629
B-25788,12,3,1,Clothing,Stole,2018-09-21,Dinesh,Tamil Nadu,Chennai,2018,September,0.25
B-25618,362,127,1,Furniture,Bookcases,2018-04-18,Manju,Andhra Pradesh,Hyderabad,2018,April,0.350828729
B-25618,12,0,2,Clothing,Hankerchief,2018-04-18,Manju,Andhra Pradesh,Hyderabad,2018,April,0
B-25950,13,4,1,Clothing,Leggings,2019-01-13,Shruti,Madhya Pradesh,Indore,2019,January,0.307692308
B-25950,54,27,2,Clothing,Stole,2019-01-13,Shruti,Madhya Pradesh,Indore,2019,January,0.5
B-25950,644,167,2,Electronics,Printers,2019-01-13,Shruti,Madhya Pradesh,Indore,2019,January,0.25931677
B-25620,193,46,1,Electronics,Printers,2018-04-20,Sarita,Maharashtra,Pune,2018,April,0.238341969
B-25982,13,3,1,Clothing,Leggings,2019-01-29,Hemangi,Delhi,Delhi,2019,January,0.230769231
B-26062,13,-2,1,Clothing,Stole,2019-03-15,Tushina,Goa,Goa,2019,March,-0.153846154
B-26062,50,-17,2,Clothing,Stole,2019-03-15,Tushina,Goa,Goa,2019,March,-0.34
B-25670,14,2,1,Clothing,Hankerchief,2018-05-25,Charika,Goa,Goa,2018,May,0.142857143
B-25670,24,1,2,Clothing,Hankerchief,2018-05-25,Charika,Goa,Goa,2018,May,0.041666667
B-25670,656,-36,2,Furniture,Bookcases,2018-05-25,Charika,Goa,Goa,2018,May,-0.054878049
B-25623,105,20,2,Clothing,Stole,2018-04-22,Atharv,West Bengal,Kolkata,2018,April,0.19047619
B-25757,14,5,1,Clothing,Hankerchief,2018-08-21,Mohit,Madhya Pradesh,Indore,2018,August,0.357142857
B-25757,53,15,2,Clothing,Stole,2018-08-21,Mohit,Madhya Pradesh,Indore,2018,August,0.283018868
B-25757,98,9,2,Furniture,Furnishings,2018-08-21,Mohit,Madhya Pradesh,Indore,2018,August,0.091836735
B-25757,17,7,3,Clothing,Hankerchief,2018-08-21,Mohit,Madhya Pradesh,Indore,2018,August,0.411764706
B-25624,26,12,3,Clothing,Hankerchief,2018-04-22,Vini,Karnataka,Bangalore,2018,April,0.461538462
B-26097,14,5,1,Clothing,Hankerchief,2019-03-28,Vini,Karnataka,Bangalore,2019,March,0.357142857
B-26097,19,8,2,Clothing,Hankerchief,2019-03-28,Vini,Karnataka,Bangalore,2019,March,0.421052632
B-26097,39,18,2,Clothing,Leggings,2019-03-28,Vini,Karnataka,Bangalore,2019,March,0.461538462
B-26097,97,12,2,Clothing,Hankerchief,2019-03-28,Vini,Karnataka,Bangalore,2019,March,0.12371134
B-25625,97,29,2,Clothing,Hankerchief,2018-04-23,Pinky,Jammu and Kashmir,Kashmir,2018,April,0.298969072
B-25735,15,-7,1,Clothing,Hankerchief,2018-07-30,Arindam,Uttar Pradesh,Lucknow,2018,July,-0.466666667
B-25735,7,-1,2,Clothing,Skirt,2018-07-30,Arindam,Uttar Pradesh,Lucknow,2018,July,-0.142857143
B-25735,12,-2,3,Clothing,Hankerchief,2018-07-30,Arindam,Uttar Pradesh,Lucknow,2018,July,-0.166666667
B-25626,46,-14,1,Electronics,Phones,2018-04-23,Bhishm,Maharashtra,Mumbai,2018,April,-0.304347826
B-25784,15,4,1,Clothing,Hankerchief,2018-09-15,Rohit,Rajasthan,Jaipur,2018,September,0.266666667
B-25801,15,-2,1,Clothing,T-shirt,2018-10-01,Aryan,Madhya Pradesh,Bhopal,2018,October,-0.133333333
B-25801,49,-31,2,Clothing,Stole,2018-10-01,Aryan,Madhya Pradesh,Bhopal,2018,October,-0.632653061
B-25628,35,-8,2,Furniture,Furnishings,2018-04-24,Pooja,Bihar,Patna,2018,April,-0.228571429
B-25828,15,2,1,Clothing,Leggings,2018-10-24,Nikita,Punjab,Chandigarh,2018,October,0.133333333
B-25900,15,2,1,Clothing,Leggings,2018-12-09,Anand,Punjab,Amritsar,2018,December,0.133333333
B-25900,210,62,2,Electronics,Phones,2018-12-09,Anand,Punjab,Amritsar,2018,December,0.295238095
B-25630,42,-26,2,Clothing,Kurti,2018-04-24,Sahil,Punjab,Chandigarh,2018,April,-0.619047619
B-25630,143,-129,2,Electronics,Phones,2018-04-24,Sahil,Punjab,Chandigarh,2018,April,-0.902097902
B-26052,15,1,1,Clothing,Shirt,2019-03-08,Ajay,Karnataka,Bangalore,2019,March,0.066666667
B-26052,25,7,2,Clothing,Stole,2019-03-08,Ajay,Karnataka,Bangalore,2019,March,0.28
B-25631,89,-89,2,Furniture,Furnishings,2018-04-24,Ritu,Haryana,Chandigarh,2018,April,-1
B-25673,16,-1,1,Clothing,Saree,2018-05-28,Arsheen,Gujarat,Ahmedabad,2018,May,-0.0625
B-25632,19,-2,2,Clothing,Leggings,2018-04-25,Manish,Himachal Pradesh,Simla,2018,April,-0.105263158
B-25807,16,6,1,Clothing,Stole,2018-10-07,Vipul,Uttar Pradesh,Lucknow,2018,October,0.375
B-25633,496,-79,2,Clothing,Trousers,2018-04-26,Amit,Sikkim,Gangtok,2018,April,-0.159274194
B-25834,16,5,1,Clothing,Stole,2018-10-29,Ananya,Andhra Pradesh,Hyderabad,2018,October,0.3125
B-25858,16,0,1,Clothing,Saree,2018-11-13,Swapnil,Maharashtra,Mumbai,2018,November,0
B-25858,27,5,2,Clothing,Skirt,2018-11-13,Swapnil,Maharashtra,Mumbai,2018,November,0.185185185
B-25858,82,13,2,Clothing,Shirt,2018-11-13,Swapnil,Maharashtra,Mumbai,2018,November,0.158536585
B-25858,223,27,2,Furniture,Bookcases,2018-11-13,Swapnil,Maharashtra,Mumbai,2018,November,0.121076233
B-25858,245,30,2,Clothing,Saree,2018-11-13,Swapnil,Maharashtra,Mumbai,2018,November,0.12244898
B-25858,22,8,3,Clothing,Hankerchief,2018-11-13,Swapnil,Maharashtra,Mumbai,2018,November,0.363636364
B-25635,23,2,2,Clothing,Skirt,2018-04-26,Nidhi,Nagaland,Kohima,2018,April,0.086956522
B-25957,16,2,1,Clothing,Saree,2019-01-18,Mahima,Madhya Pradesh,Indore,2019,January,0.125
B-25687,17,6,1,Clothing,Stole,2018-06-11,Sanjna,Maharashtra,Mumbai,2018,June,0.352941176
B-25687,357,139,2,Clothing,Saree,2018-06-11,Sanjna,Maharashtra,Mumbai,2018,June,0.389355742
B-25821,17,0,1,Clothing,Hankerchief,2018-10-16,Ajay,West Bengal,Kolkata,2018,October,0
B-25864,17,5,1,Clothing,Hankerchief,2018-11-15,Aromal,Maharashtra,Mumbai,2018,November,0.294117647
B-25864,22,8,2,Clothing,Leggings,2018-11-15,Aromal,Maharashtra,Mumbai,2018,November,0.363636364
B-25864,27,9,2,Clothing,Hankerchief,2018-11-15,Aromal,Maharashtra,Mumbai,2018,November,0.333333333
B-25996,18,4,1,Clothing,Saree,2019-02-04,Prashant,Delhi,Delhi,2019,February,0.222222222
B-25996,31,2,2,Clothing,Hankerchief,2019-02-04,Prashant,Delhi,Delhi,2019,February,0.064516129
B-25996,47,1,2,Clothing,Stole,2019-02-04,Prashant,Delhi,Delhi,2019,February,0.021276596
B-25996,217,72,2,Furniture,Furnishings,2019-02-04,Prashant,Delhi,Delhi,2019,February,0.331797235
B-25996,333,50,2,Electronics,Phones,2019-02-04,Prashant,Delhi,Delhi,2019,February,0.15015015
B-25640,68,-62,2,Clothing,Trousers,2018-04-27,Paridhi,Rajasthan,Jaipur,2018,April,-0.911764706
B-25750,19,-1,1,Clothing,Shirt,2018-08-14,Priyanshu,Madhya Pradesh,Indore,2018,August,-0.052631579
B-25750,73,-31,1,Furniture,Bookcases,2018-08-14,Priyanshu,Madhya Pradesh,Indore,2018,August,-0.424657534
B-25750,20,-18,2,Clothing,Saree,2018-08-14,Priyanshu,Madhya Pradesh,Indore,2018,August,-0.9
B-25750,78,-6,2,Furniture,Furnishings,2018-08-14,Priyanshu,Madhya Pradesh,Indore,2018,August,-0.076923077
B-25750,208,-25,2,Clothing,Saree,2018-08-14,Priyanshu,Madhya Pradesh,Indore,2018,August,-0.120192308
B-25750,212,-24,2,Furniture,Chairs,2018-08-14,Priyanshu,Madhya Pradesh,Indore,2018,August,-0.113207547
B-25750,22,-12,3,Clothing,Stole,2018-08-14,Priyanshu,Madhya Pradesh,Indore,2018,August,-0.545454545
B-25641,22,-6,1,Furniture,Furnishings,2018-04-27,Parishi,West Bengal,Kolkata,2018,April,-0.272727273
B-25677,20,-2,1,Electronics,Accessories,2018-06-02,Ekta,West Bengal,Kolkata,2018,June,-0.1
B-25699,20,-22,1,Furniture,Furnishings,2018-06-24,Kritika,Uttar Pradesh,Lucknow,2018,June,-1.1
B-25699,21,-5,1,Electronics,Accessories,2018-06-24,Kritika,Uttar Pradesh,Lucknow,2018,June,-0.238095238
B-25699,49,-31,2,Clothing,Stole,2018-06-24,Kritika,Uttar Pradesh,Lucknow,2018,June,-0.632653061
B-25643,36,-7,1,Electronics,Electronic Games,2018-04-29,Kirti,Jammu and Kashmir,Kashmir,2018,April,-0.194444444
B-25643,50,-44,2,Clothing,Hankerchief,2018-04-29,Kirti,Jammu and Kashmir,Kashmir,2018,April,-0.88
B-25643,263,-63,2,Electronics,Electronic Games,2018-04-29,Kirti,Jammu and Kashmir,Kashmir,2018,April,-0.239543726
B-26059,20,6,1,Clothing,T-shirt,2019-03-12,Rachna,Haryana,Chandigarh,2019,March,0.3
B-25645,133,-42,1,Electronics,Printers,2018-05-01,Yaanvi,Madhya Pradesh,Indore,2018,May,-0.315789474
B-26029,21,10,1,Clothing,T-shirt,2019-02-20,Ramesh,Gujarat,Ahmedabad,2019,February,0.476190476
B-25646,20,-8,2,Clothing,Saree,2018-05-01,Sonal,Bihar,Patna,2018,May,-0.4
B-25648,30,13,1,Clothing,T-shirt,2018-05-04,Aditya,Punjab,Chandigarh,2018,May,0.433333333
B-25648,100,-23,1,Electronics,Phones,2018-05-04,Aditya,Punjab,Chandigarh,2018,May,-0.23
B-25649,27,-25,2,Clothing,Stole,2018-05-05,Rachna,Haryana,Chandigarh,2018,May,-0.925925926
B-25802,23,-3,1,Clothing,Shirt,2018-10-05,Yash,Maharashtra,Mumbai,2018,October,-0.130434783
B-25802,13,-9,2,Clothing,Skirt,2018-10-05,Yash,Maharashtra,Mumbai,2018,October,-0.692307692
B-25802,95,5,2,Clothing,Stole,2018-10-05,Yash,Maharashtra,Mumbai,2018,October,0.052631579
B-25650,28,-26,2,Clothing,Stole,2018-05-06,Chirag,Maharashtra,Mumbai,2018,May,-0.928571429
B-25650,31,-2,2,Clothing,Saree,2018-05-06,Chirag,Maharashtra,Mumbai,2018,May,-0.064516129
B-25650,211,-105,2,Clothing,Saree,2018-05-06,Chirag,Maharashtra,Mumbai,2018,May,-0.497630332
B-25650,238,20,2,Clothing,Saree,2018-05-06,Chirag,Maharashtra,Mumbai,2018,May,0.084033613
B-25650,245,-78,2,Electronics,Printers,2018-05-06,Chirag,Maharashtra,Mumbai,2018,May,-0.318367347
B-25783,25,-11,1,Clothing,Stole,2018-09-15,Shivangi,Madhya Pradesh,Indore,2018,September,-0.44
B-25783,26,2,2,Clothing,Hankerchief,2018-09-15,Shivangi,Madhya Pradesh,Indore,2018,September,0.076923077
B-25783,30,-6,2,Clothing,Hankerchief,2018-09-15,Shivangi,Madhya Pradesh,Indore,2018,September,-0.2
B-25783,21,-17,3,Clothing,Shirt,2018-09-15,Shivangi,Madhya Pradesh,Indore,2018,September,-0.80952381
B-25652,9,-6,2,Clothing,Hankerchief,2018-05-08,Tushina,Goa,Goa,2018,May,-0.666666667
B-25652,21,-13,3,Clothing,Leggings,2018-05-08,Tushina,Goa,Goa,2018,May,-0.619047619
B-25928,25,10,1,Furniture,Furnishings,2019-01-01,Smriti,Bihar,Patna,2019,January,0.4
B-25653,115,25,1,Electronics,Accessories,2018-05-08,Farah,Nagaland,Kohima,2018,May,0.217391304
B-25653,28,-3,2,Clothing,Saree,2018-05-08,Farah,Nagaland,Kohima,2018,May,-0.107142857
B-25723,26,-24,1,Clothing,Stole,2018-07-18,Wale,Maharashtra,Mumbai,2018,July,-0.923076923
B-25723,12,-7,2,Clothing,Leggings,2018-07-18,Wale,Maharashtra,Mumbai,2018,July,-0.583333333
B-25723,16,-12,2,Clothing,Stole,2018-07-18,Wale,Maharashtra,Mumbai,2018,July,-0.75
B-25654,105,46,2,Clothing,Stole,2018-05-10,Sabah,Maharashtra,Mumbai,2018,May,0.438095238
B-25654,229,-23,2,Clothing,Saree,2018-05-10,Sabah,Maharashtra,Mumbai,2018,May,-0.100436681
B-25654,269,-86,2,Electronics,Electronic Games,2018-05-10,Sabah,Maharashtra,Mumbai,2018,May,-0.319702602
B-25999,26,-17,1,Clothing,Stole,2019-02-05,Diwakar,Delhi,Delhi,2019,February,-0.653846154
B-25999,109,40,1,Furniture,Furnishings,2019-02-05,Diwakar,Delhi,Delhi,2019,February,0.366972477
B-25999,51,-49,2,Electronics,Electronic Games,2019-02-05,Diwakar,Delhi,Delhi,2019,February,-0.960784314
B-25999,129,11,2,Electronics,Phones,2019-02-05,Diwakar,Delhi,Delhi,2019,February,0.085271318
B-25999,215,-30,2,Clothing,Saree,2019-02-05,Diwakar,Delhi,Delhi,2019,February,-0.139534884
B-25672,27,-15,1,Clothing,Stole,2018-05-28,Akanksha,Andhra Pradesh,Hyderabad,2018,May,-0.555555556
B-25925,27,12,1,Clothing,Stole,2018-12-29,Shruti,Maharashtra,Mumbai,2018,December,0.444444444
B-25977,27,1,1,Clothing,Stole,2019-01-27,Aayushi,Gujarat,Surat,2019,January,0.037037037
B-25658,27,9,2,Clothing,T-shirt,2018-05-14,Shefali,Rajasthan,Jaipur,2018,May,0.333333333
B-26045,27,5,1,Clothing,Stole,2019-03-03,Nidhi,Nagaland,Kohima,2019,March,0.185185185
B-26045,179,77,1,Clothing,Saree,2019-03-03,Nidhi,Nagaland,Kohima,2019,March,0.430167598
B-26089,27,4,1,Clothing,Hankerchief,2019-03-26,Kanak,Goa,Goa,2019,March,0.148148148
B-25796,28,1,1,Electronics,Accessories,2018-09-24,Sukrith,Maharashtra,Mumbai,2018,September,0.035714286
B-25796,37,-6,1,Clothing,Saree,2018-09-24,Sukrith,Maharashtra,Mumbai,2018,September,-0.162162162
B-25796,559,-19,2,Clothing,Trousers,2018-09-24,Sukrith,Maharashtra,Mumbai,2018,September,-0.033989267
B-25661,7,-1,2,Clothing,Hankerchief,2018-05-17,Subhashree,Jammu and Kashmir,Kashmir,2018,May,-0.142857143
B-25661,55,-33,2,Furniture,Chairs,2018-05-17,Subhashree,Jammu and Kashmir,Kashmir,2018,May,-0.6
B-25661,58,-42,2,Furniture,Chairs,2018-05-17,Subhashree,Jammu and Kashmir,Kashmir,2018,May,-0.724137931
B-25661,19,-15,3,Clothing,Hankerchief,2018-05-17,Subhashree,Jammu and Kashmir,Kashmir,2018,May,-0.789473684
B-25919,28,4,1,Clothing,T-shirt,2018-12-23,Neha,Rajasthan,Udaipur,2018,December,0.142857143
B-25919,636,204,2,Electronics,Printers,2018-12-23,Neha,Rajasthan,Udaipur,2018,December,0.320754717
B-25662,86,-21,1,Electronics,Electronic Games,2018-05-17,Sweta,Maharashtra,Mumbai,2018,May,-0.244186047
B-25662,24,-2,2,Clothing,T-shirt,2018-05-17,Sweta,Maharashtra,Mumbai,2018,May,-0.083333333
B-25663,294,138,2,Electronics,Printers,2018-05-19,Pournamasi,Madhya Pradesh,Indore,2018,May,0.469387755
B-25720,30,-35,1,Furniture,Chairs,2018-07-15,Namrata,Punjab,Chandigarh,2018,July,-1.166666667
B-25664,83,-48,1,Furniture,Bookcases,2018-05-20,Pratyusmita,Bihar,Patna,2018,May,-0.578313253
B-25664,258,-27,2,Electronics,Phones,2018-05-20,Pratyusmita,Bihar,Patna,2018,May,-0.104651163
B-25664,785,52,2,Electronics,Phones,2018-05-20,Pratyusmita,Bihar,Patna,2018,May,0.066242038
B-25789,30,0,1,Clothing,Kurti,2018-09-22,Akshay,Uttar Pradesh,Lucknow,2018,September,0
B-26038,30,6,1,Clothing,T-shirt,2019-02-24,Pooja,Bihar,Patna,2019,February,0.2
B-26038,41,19,2,Clothing,T-shirt,2019-02-24,Pooja,Bihar,Patna,2019,February,0.463414634
B-26038,52,14,2,Clothing,Stole,2019-02-24,Pooja,Bihar,Patna,2019,February,0.269230769
B-25889,31,10,1,Clothing,Kurti,2018-12-03,Abhishek,Gujarat,Surat,2018,December,0.322580645
B-25983,32,-12,1,Furniture,Chairs,2019-01-30,Atul,Delhi,Delhi,2019,January,-0.375
B-25983,230,5,2,Clothing,Saree,2019-01-30,Atul,Delhi,Delhi,2019,January,0.02173913
B-25752,33,-27,1,Furniture,Chairs,2018-08-14,Vaibhav,Madhya Pradesh,Indore,2018,August,-0.818181818
B-25752,8,-2,2,Clothing,Hankerchief,2018-08-14,Vaibhav,Madhya Pradesh,Indore,2018,August,-0.25
B-25669,610,-66,2,Furniture,Tables,2018-05-25,Piyali,Sikkim,Gangtok,2018,May,-0.108196721
B-26093,33,-1,1,Clothing,Saree,2019-03-27,Sarita,Maharashtra,Pune,2019,March,-0.03030303
B-26093,492,187,2,Electronics,Accessories,2019-03-27,Sarita,Maharashtra,Pune,2019,March,0.380081301
B-25911,40,15,1,Clothing,Kurti,2018-12-15,Phalguni,Madhya Pradesh,Bhopal,2018,December,0.375
B-25951,40,18,1,Electronics,Accessories,2019-01-13,Jesal,West Bengal,Kolkata,2019,January,0.45
B-25951,50,14,1,Electronics,Electronic Games,2019-01-13,Jesal,West Bengal,Kolkata,2019,January,0.28
B-25951,30,5,2,Clothing,Kurti,2019-01-13,Jesal,West Bengal,Kolkata,2019,January,0.166666667
B-25951,89,29,2,Clothing,Stole,2019-01-13,Jesal,West Bengal,Kolkata,2019,January,0.325842697
B-25951,102,13,2,Clothing,Stole,2019-01-13,Jesal,West Bengal,Kolkata,2019,January,0.12745098
B-25951,248,105,2,Electronics,Phones,2019-01-13,Jesal,West Bengal,Kolkata,2019,January,0.423387097
B-25951,742,198,2,Furniture,Bookcases,2019-01-13,Jesal,West Bengal,Kolkata,2019,January,0.266846361
B-25709,41,-6,1,Furniture,Chairs,2018-07-01,Aakanksha,Madhya Pradesh,Indore,2018,July,-0.146341463
B-25676,674,-187,2,Furniture,Tables,2018-06-01,Chandni,Rajasthan,Jaipur,2018,June,-0.277448071
B-25676,32,6,3,Clothing,Shirt,2018-06-01,Chandni,Rajasthan,Jaipur,2018,June,0.1875
B-25790,42,-3,1,Electronics,Electronic Games,2018-09-23,Sajal,Bihar,Patna,2018,September,-0.071428571
B-25678,327,-39,1,Electronics,Phones,2018-06-03,Bathina,Karnataka,Bangalore,2018,June,-0.119266055
B-25678,7,-3,2,Clothing,Skirt,2018-06-03,Bathina,Karnataka,Bangalore,2018,June,-0.428571429
B-25678,27,-25,2,Clothing,Shirt,2018-06-03,Bathina,Karnataka,Bangalore,2018,June,-0.925925926
B-25899,43,17,1,Clothing,Saree,2018-12-08,Aishwarya,Uttar Pradesh,Allahabad,2018,December,0.395348837
B-25899,22,9,2,Clothing,Leggings,2018-12-08,Aishwarya,Uttar Pradesh,Allahabad,2018,December,0.409090909
B-25899,846,9,2,Furniture,Chairs,2018-12-08,Aishwarya,Uttar Pradesh,Allahabad,2018,December,0.010638298
B-25679,76,-50,1,Clothing,Saree,2018-06-04,Avni,Maharashtra,Mumbai,2018,June,-0.657894737
B-26055,43,11,1,Clothing,Saree,2019-03-10,Yaanvi,Madhya Pradesh,Indore,2019,March,0.255813953
B-26055,57,7,2,Clothing,Shirt,2019-03-10,Yaanvi,Madhya Pradesh,Indore,2019,March,0.122807018
B-26055,94,27,2,Clothing,T-shirt,2019-03-10,Yaanvi,Madhya Pradesh,Indore,2019,March,0.287234043
B-26055,250,-12,2,Electronics,Printers,2019-03-10,Yaanvi,Madhya Pradesh,Indore,2019,March,-0.048
B-25681,44,-3,1,Clothing,Saree,2018-06-04,Bhawna,Madhya Pradesh,Indore,2018,June,-0.068181818
B-25681,243,-14,2,Furniture,Chairs,2018-06-04,Bhawna,Madhya Pradesh,Indore,2018,June,-0.057613169
B-26083,45,17,1,Electronics,Accessories,2019-03-24,Yogesh,Bihar,Patna,2019,March,0.377777778
B-26083,143,6,2,Electronics,Accessories,2019-03-24,Yogesh,Bihar,Patna,2019,March,0.041958042
B-25856,48,6,1,Clothing,Saree,2018-11-10,Abhijeet,Maharashtra,Mumbai,2018,November,0.125
B-25856,10,2,2,Clothing,Skirt,2018-11-10,Abhijeet,Maharashtra,Mumbai,2018,November,0.2
B-25856,257,3,2,Clothing,Saree,2018-11-10,Abhijeet,Maharashtra,Mumbai,2018,November,0.011673152
B-25684,134,42,2,Furniture,Chairs,2018-06-09,Samiksha,Maharashtra,Mumbai,2018,June,0.313432836
B-25997,48,15,1,Clothing,Hankerchief,2019-02-04,Yogesh,Madhya Pradesh,Indore,2019,February,0.3125
B-25997,231,99,2,Electronics,Electronic Games,2019-02-04,Yogesh,Madhya Pradesh,Indore,2019,February,0.428571429
B-25997,16,6,3,Clothing,Hankerchief,2019-02-04,Yogesh,Madhya Pradesh,Indore,2019,February,0.375
B-25685,51,7,2,Furniture,Furnishings,2018-06-10,Sheetal,Madhya Pradesh,Indore,2018,June,0.137254902
B-25686,381,-13,2,Clothing,Saree,2018-06-11,Pooja,Himachal Pradesh,Simla,2018,June,-0.034120735
B-26021,49,21,1,Clothing,Stole,2019-02-17,Anita,Kerala ,Thiruvananthapuram,2019,February,0.428571429
B-26021,21,-12,3,Clothing,Hankerchief,2019-02-17,Anita,Kerala ,Thiruvananthapuram,2019,February,-0.571428571
B-25852,50,16,1,Clothing,Stole,2018-11-07,Soumyabrata,Andhra Pradesh,Hyderabad,2018,November,0.32
B-25852,320,144,1,Electronics,Printers,2018-11-07,Soumyabrata,Andhra Pradesh,Hyderabad,2018,November,0.45
B-25852,24,1,2,Clothing,Hankerchief,2018-11-07,Soumyabrata,Andhra Pradesh,Hyderabad,2018,November,0.041666667
B-25852,97,17,2,Clothing,Stole,2018-11-07,Soumyabrata,Andhra Pradesh,Hyderabad,2018,November,0.175257732
B-25689,97,17,2,Clothing,Stole,2018-06-14,Bhaggyasree,Maharashtra,Mumbai,2018,June,0.175257732
B-25809,53,24,1,Clothing,Hankerchief,2018-10-09,Suman,Kerala ,Thiruvananthapuram,2018,October,0.452830189
B-25690,31,10,3,Clothing,Skirt,2018-06-15,Gunjan,Madhya Pradesh,Indore,2018,June,0.322580645
B-25823,59,6,1,Electronics,Accessories,2018-10-18,Rohan,Maharashtra,Mumbai,2018,October,0.101694915
B-25823,103,50,2,Furniture,Furnishings,2018-10-18,Rohan,Maharashtra,Mumbai,2018,October,0.485436893
B-25823,104,2,2,Furniture,Furnishings,2018-10-18,Rohan,Maharashtra,Mumbai,2018,October,0.019230769
B-25691,17,-9,3,Clothing,Stole,2018-06-16,Akancha,Maharashtra,Mumbai,2018,June,-0.529411765
B-25868,62,-1,1,Electronics,Phones,2018-11-18,Vikash,Goa,Goa,2018,November,-0.016129032
B-25868,170,73,2,Electronics,Accessories,2018-11-18,Vikash,Goa,Goa,2018,November,0.429411765
B-25868,1118,206,2,Furniture,Tables,2018-11-18,Vikash,Goa,Goa,2018,November,0.184257603
B-25693,68,-30,1,Electronics,Phones,2018-06-18,Parna,Madhya Pradesh,Bhopal,2018,June,-0.441176471
B-25693,72,-49,1,Electronics,Phones,2018-06-18,Parna,Madhya Pradesh,Bhopal,2018,June,-0.680555556
B-25693,13,-13,2,Clothing,Skirt,2018-06-18,Parna,Madhya Pradesh,Bhopal,2018,June,-1
B-25696,116,-4,1,Clothing,Saree,2018-06-21,Noopur,Karnataka,Bangalore,2018,June,-0.034482759
B-26070,75,29,1,Clothing,Trousers,2019-03-18,Shruti,Karnataka,Bangalore,2019,March,0.386666667
B-26070,14,7,2,Clothing,Hankerchief,2019-03-18,Shruti,Karnataka,Bangalore,2019,March,0.5
B-26017,78,7,1,Furniture,Chairs,2019-02-14,Sonakshi,Jammu and Kashmir,Kashmir,2019,February,0.08974359
B-25700,7,-3,2,Clothing,Hankerchief,2018-06-25,Shubhi,Maharashtra,Mumbai,2018,June,-0.428571429
B-25701,10,-8,2,Clothing,Skirt,2018-06-26,Maithilee,Madhya Pradesh,Indore,2018,June,-0.8
B-25701,98,-45,2,Furniture,Chairs,2018-06-26,Maithilee,Madhya Pradesh,Indore,2018,June,-0.459183673
B-25701,33,-29,3,Clothing,Shirt,2018-06-26,Maithilee,Madhya Pradesh,Indore,2018,June,-0.878787879
B-25761,102,-90,1,Clothing,Saree,2018-08-25,Surabhi,Maharashtra,Mumbai,2018,August,-0.882352941
B-25703,17,-3,2,Clothing,Stole,2018-06-28,Ekta,Madhya Pradesh,Indore,2018,June,-0.176470588
B-25703,42,-23,2,Furniture,Furnishings,2018-06-28,Ekta,Madhya Pradesh,Indore,2018,June,-0.547619048
B-25770,110,35,1,Furniture,Furnishings,2018-09-02,Sakshi,Madhya Pradesh,Indore,2018,September,0.318181818
B-25770,299,113,2,Furniture,Bookcases,2018-09-02,Sakshi,Madhya Pradesh,Indore,2018,September,0.377926421
B-25705,46,0,2,Electronics,Electronic Games,2018-06-30,Shweta,Madhya Pradesh,Indore,2018,June,0
B-26028,115,0,1,Electronics,Accessories,2019-02-20,Manju,Andhra Pradesh,Hyderabad,2019,February,0
B-26028,77,36,2,Clothing,Shirt,2019-02-20,Manju,Andhra Pradesh,Hyderabad,2019,February,0.467532468
B-26028,1272,547,2,Electronics,Phones,2019-02-20,Manju,Andhra Pradesh,Hyderabad,2019,February,0.430031447
B-25708,32,-8,2,Clothing,Stole,2018-07-01,Kishwar,Madhya Pradesh,Indore,2018,July,-0.25
B-25953,116,22,1,Electronics,Accessories,2019-01-14,Krutika,Andhra Pradesh,Hyderabad,2019,January,0.189655172
B-25953,188,-193,2,Electronics,Electronic Games,2019-01-14,Krutika,Andhra Pradesh,Hyderabad,2019,January,-1.026595745
B-25820,119,1,1,Furniture,Chairs,2018-10-16,Dheeraj,Rajasthan,Jaipur,2018,October,0.008403361
B-26053,120,1,1,Furniture,Chairs,2019-03-09,Kirti,Jammu and Kashmir,Kashmir,2019,March,0.008333333
B-26053,17,1,2,Clothing,Skirt,2019-03-09,Kirti,Jammu and Kashmir,Kashmir,2019,March,0.058823529
B-26053,246,61,2,Furniture,Bookcases,2019-03-09,Kirti,Jammu and Kashmir,Kashmir,2019,March,0.24796748
B-26053,27,6,3,Clothing,Skirt,2019-03-09,Kirti,Jammu and Kashmir,Kashmir,2019,March,0.222222222
B-26015,128,55,1,Clothing,Saree,2019-02-14,Kasheen,West Bengal,Kolkata,2019,February,0.4296875
B-26033,143,32,1,Furniture,Bookcases,2019-02-22,Atharv,West Bengal,Kolkata,2019,February,0.223776224
B-25714,11,-5,2,Clothing,Hankerchief,2018-07-09,Stuti,Karnataka,Bangalore,2018,July,-0.454545455
B-25954,146,66,1,Electronics,Phones,2019-01-14,Trupti,Gujarat,Ahmedabad,2019,January,0.452054795
B-25954,148,9,1,Electronics,Electronic Games,2019-01-14,Trupti,Gujarat,Ahmedabad,2019,January,0.060810811
B-25954,27,0,2,Clothing,Leggings,2019-01-14,Trupti,Gujarat,Ahmedabad,2019,January,0
B-25954,48,11,2,Clothing,Shirt,2019-01-14,Trupti,Gujarat,Ahmedabad,2019,January,0.229166667
B-25954,524,-25,2,Electronics,Electronic Games,2019-01-14,Trupti,Gujarat,Ahmedabad,2019,January,-0.047709924
B-25993,173,86,1,Electronics,Printers,2019-02-03,Harshal,Delhi,Delhi,2019,February,0.497109827
B-25993,44,8,2,Clothing,Stole,2019-02-03,Harshal,Delhi,Delhi,2019,February,0.181818182
B-25717,55,-33,2,Furniture,Chairs,2018-07-12,Manshul,Uttar Pradesh,Lucknow,2018,July,-0.6
B-25718,371,115,1,Furniture,Bookcases,2018-07-12,Anjali,Maharashtra,Mumbai,2018,July,0.309973046
B-25719,29,10,2,Clothing,Stole,2018-07-12,Rashmi,Madhya Pradesh,Indore,2018,July,0.344827586
B-25855,197,73,1,Furniture,Bookcases,2018-11-08,Abhijeet,Madhya Pradesh,Bhopal,2018,November,0.370558376
B-25855,61,30,2,Clothing,Hankerchief,2018-11-08,Abhijeet,Madhya Pradesh,Bhopal,2018,November,0.491803279
B-25855,98,12,2,Clothing,Hankerchief,2018-11-08,Abhijeet,Madhya Pradesh,Bhopal,2018,November,0.12244898
B-25855,442,31,2,Electronics,Electronic Games,2018-11-08,Abhijeet,Madhya Pradesh,Bhopal,2018,November,0.070135747
B-26061,206,12,1,Electronics,Printers,2019-03-14,Anurag,Madhya Pradesh,Indore,2019,March,0.058252427
B-26061,27,8,2,Clothing,T-shirt,2019-03-14,Anurag,Madhya Pradesh,Indore,2019,March,0.296296296
B-26061,109,52,2,Clothing,Stole,2019-03-14,Anurag,Madhya Pradesh,Indore,2019,March,0.47706422
B-26061,508,203,2,Electronics,Accessories,2019-03-14,Anurag,Madhya Pradesh,Indore,2019,March,0.399606299
B-25721,149,-40,2,Electronics,Phones,2018-07-16,Anchal,Haryana,Chandigarh,2018,July,-0.268456376
B-25923,253,-11,1,Clothing,Trousers,2018-12-27,Vishakha,Maharashtra,Mumbai,2018,December,-0.043478261
B-25803,269,91,1,Electronics,Electronic Games,2018-10-05,Shivanshu,Madhya Pradesh,Indore,2018,October,0.338289963
B-25803,536,91,1,Clothing,Trousers,2018-10-05,Shivanshu,Madhya Pradesh,Indore,2018,October,0.169776119
B-25803,757,371,2,Electronics,Printers,2018-10-05,Shivanshu,Madhya Pradesh,Indore,2018,October,0.49009247
B-25915,277,3,1,Electronics,Electronic Games,2018-12-19,Sukruta,Punjab,Amritsar,2018,December,0.010830325
B-25724,168,-51,2,Furniture,Bookcases,2018-07-19,Sheetal,Madhya Pradesh,Indore,2018,July,-0.303571429
B-26087,311,40,1,Electronics,Electronic Games,2019-03-26,Vandana,Himachal Pradesh,Simla,2019,March,0.128617363
B-26087,40,10,2,Clothing,Stole,2019-03-26,Vandana,Himachal Pradesh,Simla,2019,March,0.25
B-25725,26,-5,2,Clothing,Stole,2018-07-20,Anisha,Nagaland,Kohima,2018,July,-0.192307692
B-25962,312,62,1,Electronics,Electronic Games,2019-01-19,Tejeswini,Maharashtra,Pune,2019,January,0.198717949
B-25962,260,68,2,Electronics,Printers,2019-01-19,Tejeswini,Maharashtra,Pune,2019,January,0.261538462
B-25728,771,-424,2,Electronics,Phones,2018-07-22,Ameesha,Maharashtra,Pune,2018,July,-0.549935149
B-25730,18,8,2,Clothing,Hankerchief,2018-07-22,Rishabh,Rajasthan,Jaipur,2018,July,0.444444444
B-25732,16,-5,2,Clothing,Stole,2018-07-27,Anubhaw,Karnataka,Bangalore,2018,July,-0.3125
B-25733,30,-10,2,Clothing,Stole,2018-07-28,Dhirajendu,Maharashtra,Mumbai,2018,July,-0.333333333
B-25740,7,0,2,Clothing,Skirt,2018-08-03,Rane,Maharashtra,Mumbai,2018,August,0
B-25740,58,-8,2,Clothing,Saree,2018-08-03,Rane,Maharashtra,Mumbai,2018,August,-0.137931034
B-25748,8,-1,2,Clothing,Leggings,2018-08-12,Nitant,Rajasthan,Jaipur,2018,August,-0.125
B-25748,47,-21,2,Electronics,Electronic Games,2018-08-12,Nitant,Rajasthan,Jaipur,2018,August,-0.446808511
B-25738,70,-14,2,Furniture,Furnishings,2018-08-02,Ayush,Punjab,Chandigarh,2018,August,-0.2
B-25738,148,-91,2,Electronics,Phones,2018-08-02,Ayush,Punjab,Chandigarh,2018,August,-0.614864865
B-25739,133,-56,2,Furniture,Chairs,2018-08-03,Daksh,Haryana,Chandigarh,2018,August,-0.421052632
B-26001,8,2,2,Clothing,Skirt,2019-02-07,Patil,Delhi,Delhi,2019,February,0.25
B-26001,13,0,2,Clothing,Hankerchief,2019-02-07,Patil,Delhi,Delhi,2019,February,0
B-25742,11,-8,2,Clothing,Skirt,2018-08-03,Ashwin,Goa,Goa,2018,August,-0.727272727
B-25767,9,-9,2,Clothing,Kurti,2018-08-31,Ashmeet,West Bengal,Kolkata,2018,August,-1
B-25767,48,-22,2,Clothing,Saree,2018-08-31,Ashmeet,West Bengal,Kolkata,2018,August,-0.458333333
B-25767,74,-59,2,Electronics,Accessories,2018-08-31,Ashmeet,West Bengal,Kolkata,2018,August,-0.797297297
B-25767,29,-3,3,Clothing,Saree,2018-08-31,Ashmeet,West Bengal,Kolkata,2018,August,-0.103448276
B-25851,10,2,2,Clothing,Hankerchief,2018-11-06,Kushal,Nagaland,Kohima,2018,November,0.2
B-25851,57,27,2,Clothing,T-shirt,2018-11-06,Kushal,Nagaland,Kohima,2018,November,0.473684211
B-25851,103,46,2,Clothing,Saree,2018-11-06,Kushal,Nagaland,Kohima,2018,November,0.446601942
B-25851,300,42,2,Electronics,Printers,2018-11-06,Kushal,Nagaland,Kohima,2018,November,0.14
B-25746,87,16,2,Clothing,Saree,2018-08-10,Shivam,Maharashtra,Pune,2018,August,0.183908046
B-25883,10,-2,2,Clothing,Leggings,2018-11-27,Saptadeep,Gujarat,Surat,2018,November,-0.2
B-25747,877,395,2,Furniture,Bookcases,2018-08-11,Harsh,Madhya Pradesh,Bhopal,2018,August,0.450399088
B-26088,11,5,2,Clothing,Hankerchief,2019-03-26,Bhavna,Sikkim,Gangtok,2019,March,0.454545455
B-25753,27,-20,2,Clothing,Hankerchief,2018-08-17,Shivam,Uttar Pradesh,Lucknow,2018,August,-0.740740741
B-25754,30,-23,2,Clothing,Saree,2018-08-18,Akshay,Bihar,Patna,2018,August,-0.766666667
B-25754,262,-215,2,Electronics,Printers,2018-08-18,Akshay,Bihar,Patna,2018,August,-0.820610687
B-25754,9,-1,3,Clothing,Skirt,2018-08-18,Akshay,Bihar,Patna,2018,August,-0.111111111
B-25754,19,0,3,Clothing,Skirt,2018-08-18,Akshay,Bihar,Patna,2018,August,0
B-25909,12,2,2,Clothing,Skirt,2018-12-13,Sujay,Madhya Pradesh,Delhi,2018,December,0.166666667
B-25755,27,4,2,Clothing,Saree,2018-08-19,Shourya,Kerala ,Thiruvananthapuram,2018,August,0.148148148
B-25755,47,-3,2,Clothing,Stole,2018-08-19,Shourya,Kerala ,Thiruvananthapuram,2018,August,-0.063829787
B-25755,134,-34,2,Furniture,Chairs,2018-08-19,Shourya,Kerala ,Thiruvananthapuram,2018,August,-0.253731343
B-25755,257,-3,2,Furniture,Bookcases,2018-08-19,Shourya,Kerala ,Thiruvananthapuram,2018,August,-0.011673152
B-25979,12,1,2,Clothing,Hankerchief,2019-01-27,Shivangi,Madhya Pradesh,Indore,2019,January,0.083333333
B-25979,57,27,2,Clothing,Shirt,2019-01-27,Shivangi,Madhya Pradesh,Indore,2019,January,0.473684211
B-25979,284,45,2,Furniture,Bookcases,2019-01-27,Shivangi,Madhya Pradesh,Indore,2019,January,0.158450704
B-25756,643,-45,2,Electronics,Printers,2018-08-20,Mohan,Maharashtra,Mumbai,2018,August,-0.069984448
B-25940,13,3,2,Clothing,Hankerchief,2019-01-06,Vivek,Goa,Goa,2019,January,0.230769231
B-25940,55,4,2,Clothing,Stole,2019-01-06,Vivek,Goa,Goa,2019,January,0.072727273
B-25991,13,5,2,Clothing,Hankerchief,2019-02-03,Mansi,Madhya Pradesh,Indore,2019,February,0.384615385
B-25991,90,30,2,Furniture,Chairs,2019-02-03,Mansi,Madhya Pradesh,Indore,2019,February,0.333333333
B-25762,98,-5,2,Clothing,Saree,2018-08-26,Anudeep,Madhya Pradesh,Indore,2018,August,-0.051020408
B-25762,27,4,3,Clothing,Skirt,2018-08-26,Anudeep,Madhya Pradesh,Indore,2018,August,0.148148148
B-26056,15,6,2,Clothing,Hankerchief,2019-03-10,Sonal,Bihar,Patna,2019,March,0.4
B-26056,31,9,2,Clothing,Hankerchief,2019-03-10,Sonal,Bihar,Patna,2019,March,0.290322581
B-26056,33,9,2,Clothing,Hankerchief,2019-03-10,Sonal,Bihar,Patna,2019,March,0.272727273
B-26056,101,11,2,Clothing,Hankerchief,2019-03-10,Sonal,Bihar,Patna,2019,March,0.108910891
B-26056,220,40,2,Electronics,Accessories,2019-03-10,Sonal,Bihar,Patna,2019,March,0.181818182
B-26056,424,161,2,Clothing,Saree,2019-03-10,Sonal,Bihar,Patna,2019,March,0.379716981
B-25764,24,-24,2,Clothing,Saree,2018-08-28,Sanjova,Maharashtra,Pune,2018,August,-1
B-25764,26,0,2,Clothing,Kurti,2018-08-28,Sanjova,Maharashtra,Pune,2018,August,0
B-25764,765,-153,2,Electronics,Phones,2018-08-28,Sanjova,Maharashtra,Pune,2018,August,-0.2
B-25766,220,-19,2,Clothing,Saree,2018-08-30,Surabhi,Rajasthan,Jaipur,2018,August,-0.086363636
B-25848,16,8,2,Clothing,Hankerchief,2018-11-03,Rohan,Himachal Pradesh,Simla,2018,November,0.5
B-25769,355,-4,2,Clothing,Saree,2018-09-02,Surbhi,Maharashtra,Mumbai,2018,September,-0.011267606
B-25967,17,2,2,Clothing,Skirt,2019-01-21,Komal,Uttar Pradesh,Allahabad,2019,January,0.117647059
B-26003,17,2,2,Clothing,Skirt,2019-02-08,Hitesh,Madhya Pradesh,Bhopal,2019,February,0.117647059
B-26003,1745,122,2,Furniture,Tables,2019-02-08,Hitesh,Madhya Pradesh,Bhopal,2019,February,0.06991404
B-26078,17,8,2,Clothing,Skirt,2019-03-22,Kasheen,West Bengal,Kolkata,2019,March,0.470588235
B-26078,44,20,2,Clothing,T-shirt,2019-03-22,Kasheen,West Bengal,Kolkata,2019,March,0.454545455
B-26078,557,111,2,Electronics,Electronic Games,2019-03-22,Kasheen,West Bengal,Kolkata,2019,March,0.199281867
B-25773,24,-14,2,Clothing,Saree,2018-09-06,Shreya,Kerala ,Thiruvananthapuram,2018,September,-0.583333333
B-25773,209,-21,2,Electronics,Electronic Games,2018-09-06,Shreya,Kerala ,Thiruvananthapuram,2018,September,-0.100478469
B-25774,38,-6,2,Furniture,Furnishings,2018-09-07,Snehal,Punjab,Chandigarh,2018,September,-0.157894737
B-26079,18,3,2,Clothing,Hankerchief,2019-03-22,Hazel,Karnataka,Bangalore,2019,March,0.166666667
B-25775,50,-17,2,Clothing,Stole,2018-09-08,Duhita,Haryana,Chandigarh,2018,September,-0.34
B-25776,47,-20,2,Clothing,Kurti,2018-09-09,Mousam,Maharashtra,Mumbai,2018,September,-0.425531915
B-25853,19,6,2,Clothing,Saree,2018-11-08,Gaurav,Gujarat,Ahmedabad,2018,November,0.315789474
B-25853,26,11,2,Clothing,Hankerchief,2018-11-08,Gaurav,Gujarat,Ahmedabad,2018,November,0.423076923
B-25853,30,14,3,Clothing,Hankerchief,2018-11-08,Gaurav,Gujarat,Ahmedabad,2018,November,0.466666667
B-25903,19,8,2,Clothing,Hankerchief,2018-12-10,Amlan,Madhya Pradesh,Indore,2018,December,0.421052632
B-25903,60,-10,2,Furniture,Furnishings,2018-12-10,Amlan,Madhya Pradesh,Indore,2018,December,-0.166666667
B-25903,74,33,2,Clothing,Shirt,2018-12-10,Amlan,Madhya Pradesh,Indore,2018,December,0.445945946
B-25903,336,57,2,Electronics,Phones,2018-12-10,Amlan,Madhya Pradesh,Indore,2018,December,0.169642857
B-25903,25,11,3,Clothing,Leggings,2018-12-10,Amlan,Madhya Pradesh,Indore,2018,December,0.44
B-26076,19,4,2,Clothing,Saree,2019-03-21,Jahan,Madhya Pradesh,Bhopal,2019,March,0.210526316
B-26076,60,13,2,Clothing,T-shirt,2019-03-21,Jahan,Madhya Pradesh,Bhopal,2019,March,0.216666667
B-26076,91,22,2,Clothing,Stole,2019-03-21,Jahan,Madhya Pradesh,Bhopal,2019,March,0.241758242
B-25781,30,-25,2,Clothing,T-shirt,2018-09-14,Rutuja,Gujarat,Ahmedabad,2018,September,-0.833333333
B-25781,45,-28,2,Clothing,Stole,2018-09-14,Rutuja,Gujarat,Ahmedabad,2018,September,-0.622222222
B-26012,21,8,2,Clothing,Saree,2019-02-13,Pearl,Maharashtra,Pune,2019,February,0.380952381
B-25841,22,11,2,Clothing,Skirt,2018-11-01,Ashvini,Maharashtra,Mumbai,2018,November,0.5
B-25785,45,0,2,Clothing,T-shirt,2018-09-15,Ayush,West Bengal,Kolkata,2018,September,0
B-25785,26,-25,3,Clothing,Saree,2018-09-15,Ayush,West Bengal,Kolkata,2018,September,-0.961538462
B-25786,17,-11,3,Clothing,Skirt,2018-09-19,Abhishek,Karnataka,Bangalore,2018,September,-0.647058824
B-26064,22,0,2,Clothing,Saree,2019-03-16,Ankita,Maharashtra,Mumbai,2019,March,0
B-25896,23,4,2,Clothing,Skirt,2018-12-05,Aman,Maharashtra,Mumbai,2018,December,0.173913043
B-25896,42,7,2,Clothing,Kurti,2018-12-05,Aman,Maharashtra,Mumbai,2018,December,0.166666667
B-25896,79,-2,2,Furniture,Furnishings,2018-12-05,Aman,Maharashtra,Mumbai,2018,December,-0.025316456
B-25896,103,36,2,Clothing,Hankerchief,2018-12-05,Aman,Maharashtra,Mumbai,2018,December,0.349514563
B-25896,31,11,3,Clothing,Skirt,2018-12-05,Aman,Maharashtra,Mumbai,2018,December,0.35483871
B-25959,23,8,2,Clothing,Hankerchief,2019-01-18,Muskan,Madhya Pradesh,Indore,2019,January,0.347826087
B-25959,32,2,2,Clothing,Kurti,2019-01-18,Muskan,Madhya Pradesh,Indore,2019,January,0.0625
B-25959,252,56,2,Electronics,Phones,2019-01-18,Muskan,Madhya Pradesh,Indore,2019,January,0.222222222
B-25791,253,-63,2,Clothing,Saree,2018-09-24,Avish,Kerala ,Thiruvananthapuram,2018,September,-0.249011858
B-25793,18,1,3,Clothing,Hankerchief,2018-09-24,Siddharth,Madhya Pradesh,Indore,2018,September,0.055555556
B-25795,276,-21,2,Electronics,Phones,2018-09-24,Sukant,Sikkim,Gangtok,2018,September,-0.076086957
B-25877,24,8,2,Clothing,Skirt,2018-11-24,Dashyam,Gujarat,Surat,2018,November,0.333333333
B-25877,1137,568,2,Clothing,Trousers,2018-11-24,Dashyam,Gujarat,Surat,2018,November,0.499560246
B-25797,31,1,2,Clothing,Hankerchief,2018-09-30,Sauptik,Madhya Pradesh,Indore,2018,September,0.032258065
B-25797,148,-101,2,Furniture,Bookcases,2018-09-30,Sauptik,Madhya Pradesh,Indore,2018,September,-0.682432432
B-25891,25,2,2,Clothing,Hankerchief,2018-12-04,Shivani,Madhya Pradesh,Indore,2018,December,0.08
B-25798,47,-3,2,Clothing,Stole,2018-10-01,Shishu,Andhra Pradesh,Hyderabad,2018,October,-0.063829787
B-25798,379,63,2,Clothing,Saree,2018-10-01,Shishu,Andhra Pradesh,Hyderabad,2018,October,0.166226913
B-25798,448,148,2,Electronics,Printers,2018-10-01,Shishu,Andhra Pradesh,Hyderabad,2018,October,0.330357143
B-25799,45,-15,2,Furniture,Chairs,2018-10-01,Divyansh,Gujarat,Ahmedabad,2018,October,-0.333333333
B-26086,25,2,2,Clothing,Hankerchief,2019-03-26,Mukesh,Haryana,Chandigarh,2019,March,0.08
B-26086,43,17,2,Clothing,T-shirt,2019-03-26,Mukesh,Haryana,Chandigarh,2019,March,0.395348837
B-25800,21,-6,3,Clothing,Leggings,2018-10-01,Ishit,Maharashtra,Pune,2018,October,-0.285714286
B-25881,26,9,2,Clothing,Leggings,2018-11-25,Pooja,Uttar Pradesh,Allahabad,2018,November,0.346153846
B-25805,112,15,2,Furniture,Chairs,2018-10-05,Ankit,Maharashtra,Mumbai,2018,October,0.133928571
B-25808,59,21,2,Clothing,Stole,2018-10-08,Apsingekar,Bihar,Patna,2018,October,0.355932203
B-25810,92,42,2,Clothing,Stole,2018-10-10,Nripraj,Punjab,Chandigarh,2018,October,0.456521739
B-25835,27,2,2,Clothing,Leggings,2018-10-29,Moumita,Gujarat,Ahmedabad,2018,October,0.074074074
B-25815,35,14,2,Clothing,Stole,2018-10-10,Harsh,Nagaland,Kohima,2018,October,0.4
B-25818,32,11,2,Clothing,Leggings,2018-10-14,Sandeep,Madhya Pradesh,Indore,2018,October,0.34375
B-25818,94,20,2,Furniture,Furnishings,2018-10-14,Sandeep,Madhya Pradesh,Indore,2018,October,0.212765957
B-26010,29,3,2,Clothing,Stole,2019-02-11,Kartikay,Bihar,Patna,2019,February,0.103448276
B-26010,85,13,2,Clothing,Shirt,2019-02-11,Kartikay,Bihar,Patna,2019,February,0.152941176
B-26010,18,2,3,Clothing,Hankerchief,2019-02-11,Kartikay,Bihar,Patna,2019,February,0.111111111
B-25822,34,13,2,Clothing,Saree,2018-10-18,Tejas,Karnataka,Bangalore,2018,October,0.382352941
B-25824,101,38,2,Furniture,Furnishings,2018-10-20,Shyam,Madhya Pradesh,Indore,2018,October,0.376237624
B-25826,637,261,2,Electronics,Printers,2018-10-22,Tanushree,Maharashtra,Mumbai,2018,October,0.409733124
B-25830,54,1,2,Clothing,Saree,2018-10-26,Aastha,Himachal Pradesh,Simla,2018,October,0.018518519
B-25830,93,15,2,Electronics,Accessories,2018-10-26,Aastha,Himachal Pradesh,Simla,2018,October,0.161290323
B-26025,32,1,2,Clothing,Stole,2019-02-19,Bhavna,Sikkim,Gangtok,2019,February,0.03125
B-25910,33,1,2,Clothing,Shirt,2018-12-14,Jay,Delhi,Delhi,2018,December,0.03030303
B-26075,34,12,2,Clothing,Stole,2019-03-21,Pearl,Maharashtra,Pune,2019,March,0.352941176
B-26100,34,10,2,Clothing,T-shirt,2019-03-31,Hitika,Madhya Pradesh,Indore,2019,March,0.294117647
B-26100,72,16,2,Clothing,Shirt,2019-03-31,Hitika,Madhya Pradesh,Indore,2019,March,0.222222222
B-26100,828,230,2,Furniture,Chairs,2019-03-31,Hitika,Madhya Pradesh,Indore,2019,March,0.277777778
B-25840,246,61,2,Furniture,Bookcases,2018-10-31,Sneha,Karnataka,Bangalore,2018,October,0.24796748
B-25840,298,74,2,Furniture,Bookcases,2018-10-31,Sneha,Karnataka,Bangalore,2018,October,0.248322148
B-26040,38,9,2,Clothing,Stole,2019-02-26,Sahil,Punjab,Chandigarh,2019,February,0.236842105
B-26050,38,9,2,Clothing,Stole,2019-03-06,Paridhi,Rajasthan,Jaipur,2019,March,0.236842105
B-26050,166,27,2,Electronics,Accessories,2019-03-06,Paridhi,Rajasthan,Jaipur,2019,March,0.162650602
B-26050,382,92,2,Electronics,Printers,2019-03-06,Paridhi,Rajasthan,Jaipur,2019,March,0.240837696
B-26050,32,6,3,Clothing,Shirt,2019-03-06,Paridhi,Rajasthan,Jaipur,2019,March,0.1875
B-25843,45,0,2,Clothing,Stole,2018-11-03,Mrunal,Maharashtra,Mumbai,2018,November,0
B-25843,18,6,3,Clothing,Hankerchief,2018-11-03,Mrunal,Maharashtra,Mumbai,2018,November,0.333333333
B-25955,39,2,2,Clothing,Saree,2019-01-16,Soumya,Maharashtra,Pune,2019,January,0.051282051
B-25844,86,8,2,Clothing,Saree,2018-11-03,Swati,Madhya Pradesh,Indore,2018,November,0.093023256
B-25845,757,371,2,Electronics,Printers,2018-11-03,Snel,Kerala ,Thiruvananthapuram,2018,November,0.49009247
B-26085,40,17,2,Clothing,Stole,2019-03-26,Shrichand,Punjab,Chandigarh,2019,March,0.425
B-26085,86,22,2,Clothing,Saree,2019-03-26,Shrichand,Punjab,Chandigarh,2019,March,0.255813953
B-25847,643,225,2,Electronics,Printers,2018-11-03,Aniket,Haryana,Chandigarh,2018,November,0.34992224
B-25850,93,-1,2,Clothing,Hankerchief,2018-11-05,Abhishek,Goa,Goa,2018,November,-0.010752688
B-25850,117,36,2,Clothing,Trousers,2018-11-05,Abhishek,Goa,Goa,2018,November,0.307692308
B-25850,513,215,2,Electronics,Accessories,2018-11-05,Abhishek,Goa,Goa,2018,November,0.419103314
B-25854,381,144,2,Clothing,Saree,2018-11-08,Shubham,Maharashtra,Pune,2018,November,0.377952756
B-25857,227,59,2,Furniture,Furnishings,2018-11-10,Anand,Madhya Pradesh,Indore,2018,November,0.259911894
B-25859,724,253,2,Furniture,Bookcases,2018-11-14,Chikku,Madhya Pradesh,Indore,2018,November,0.349447514
B-25861,50,3,2,Clothing,Stole,2018-11-15,Aayush,Uttar Pradesh,Lucknow,2018,November,0.06
B-25861,56,18,2,Clothing,Hankerchief,2018-11-15,Aayush,Uttar Pradesh,Lucknow,2018,November,0.321428571
B-25866,51,14,2,Clothing,Stole,2018-11-16,Komal,Himachal Pradesh,Simla,2018,November,0.274509804
B-25867,31,14,3,Clothing,Stole,2018-11-17,Ankit,Sikkim,Gangtok,2018,November,0.451612903
B-25872,57,27,2,Clothing,Shirt,2018-11-22,Saurabh,Maharashtra,Mumbai,2018,November,0.473684211
B-25875,248,8,2,Clothing,Saree,2018-11-24,Divyeshkumar,Uttar Pradesh,Allahabad,2018,November,0.032258065
B-25922,52,18,2,Clothing,Stole,2018-12-26,Akshata,Gujarat,Surat,2018,December,0.346153846
B-25879,57,28,2,Clothing,Kurti,2018-11-24,Siddharth,Madhya Pradesh,Indore,2018,November,0.49122807
B-25880,108,37,2,Clothing,Stole,2018-11-24,Apoorv,Rajasthan,Udaipur,2018,November,0.342592593
B-25885,94,27,2,Clothing,Shirt,2018-11-28,Shatayu,Madhya Pradesh,Indore,2018,November,0.287234043
B-25885,394,146,2,Furniture,Bookcases,2018-11-28,Shatayu,Madhya Pradesh,Indore,2018,November,0.370558376
B-25885,734,248,2,Furniture,Chairs,2018-11-28,Shatayu,Madhya Pradesh,Indore,2018,November,0.337874659
B-26069,55,18,2,Clothing,Kurti,2019-03-17,Sanskriti,West Bengal,Kolkata,2019,March,0.327272727
B-25886,89,17,2,Clothing,Stole,2018-11-28,Brijesh,Rajasthan,Udaipur,2018,November,0.191011236
B-25888,18,2,3,Clothing,Hankerchief,2018-12-02,Rohan,Punjab,Amritsar,2018,December,0.111111111
B-25895,388,93,2,Furniture,Bookcases,2018-12-04,Sathya,Gujarat,Surat,2018,December,0.239690722
B-25930,58,17,2,Clothing,Hankerchief,2019-01-03,Monica,Punjab,Chandigarh,2019,January,0.293103448
B-25897,33,10,3,Clothing,Hankerchief,2018-12-06,Rohan,Madhya Pradesh,Indore,2018,December,0.303030303
B-25956,59,10,2,Clothing,Hankerchief,2019-01-17,Shreya,Maharashtra,Mumbai,2019,January,0.169491525
B-25956,140,28,2,Electronics,Phones,2019-01-17,Shreya,Maharashtra,Mumbai,2019,January,0.2
B-25898,171,2,2,Electronics,Electronic Games,2018-12-07,Abhishek,Rajasthan,Udaipur,2018,December,0.011695906
B-25898,857,274,2,Furniture,Tables,2018-12-07,Abhishek,Rajasthan,Udaipur,2018,December,0.319719953
B-26023,59,21,2,Clothing,Stole,2019-02-19,Mukesh,Haryana,Chandigarh,2019,February,0.355932203
B-26023,29,0,3,Furniture,Furnishings,2019-02-19,Mukesh,Haryana,Chandigarh,2019,February,0
B-26098,59,15,2,Clothing,T-shirt,2019-03-29,Pinky,Jammu and Kashmir,Kashmir,2019,March,0.254237288
B-25901,61,28,2,Clothing,Hankerchief,2018-12-10,Suraj,Gujarat,Surat,2018,December,0.459016393
B-25901,90,27,2,Clothing,T-shirt,2018-12-10,Suraj,Gujarat,Surat,2018,December,0.3
B-25902,268,6,2,Furniture,Bookcases,2018-12-10,Ishpreet,Maharashtra,Mumbai,2018,December,0.02238806
B-25904,83,12,2,Furniture,Chairs,2018-12-10,Swapnil,Delhi,Delhi,2018,December,0.144578313
B-25904,871,131,2,Furniture,Bookcases,2018-12-10,Swapnil,Delhi,Delhi,2018,December,0.150401837
B-25938,61,1,2,Furniture,Furnishings,2019-01-05,Shikhar,Himachal Pradesh,Simla,2019,January,0.016393443
B-25939,61,18,2,Electronics,Accessories,2019-01-05,Vineet,Sikkim,Gangtok,2019,January,0.295081967
B-25981,62,8,2,Clothing,T-shirt,2019-01-28,Amruta,Delhi,Delhi,2019,January,0.129032258
B-25981,245,91,2,Furniture,Bookcases,2019-01-28,Amruta,Delhi,Delhi,2019,January,0.371428571
B-25945,63,14,2,Clothing,Shirt,2019-01-11,Mhatre,Madhya Pradesh,Indore,2019,January,0.222222222
B-25945,245,10,2,Furniture,Bookcases,2019-01-11,Mhatre,Madhya Pradesh,Indore,2019,January,0.040816327
B-25917,100,12,2,Clothing,T-shirt,2018-12-21,Sanjay,Maharashtra,Mumbai,2018,December,0.12
B-25920,100,7,2,Clothing,T-shirt,2018-12-24,Jayanti,Uttar Pradesh,Allahabad,2018,December,0.07
B-25973,79,39,2,Clothing,Shirt,2019-01-24,Seema,Uttar Pradesh,Allahabad,2019,January,0.493670886
B-25921,84,-42,2,Electronics,Accessories,2018-12-25,Sandra,Punjab,Amritsar,2018,December,-0.5
B-25924,148,54,2,Furniture,Chairs,2018-12-28,Prajakta,Karnataka,Bangalore,2018,December,0.364864865
B-26066,86,22,2,Clothing,Saree,2019-03-16,Priyanka,Maharashtra,Pune,2019,March,0.255813953
B-26054,88,20,2,Clothing,Saree,2019-03-10,Mayank,Maharashtra,Mumbai,2019,March,0.227272727
B-26054,88,19,2,Clothing,Shirt,2019-03-10,Mayank,Maharashtra,Mumbai,2019,March,0.215909091
B-26054,559,174,2,Electronics,Electronic Games,2019-03-10,Mayank,Maharashtra,Mumbai,2019,March,0.311270125
B-25933,207,-100,2,Clothing,Saree,2019-01-04,Shikhar,Maharashtra,Mumbai,2019,January,-0.483091787
B-26011,93,44,2,Clothing,Stole,2019-02-12,Bharat,Gujarat,Ahmedabad,2019,February,0.47311828
B-25942,646,-23,2,Electronics,Printers,2019-01-08,Ankur,Andhra Pradesh,Hyderabad,2019,January,-0.035603715
B-25946,146,7,2,Electronics,Phones,2019-01-12,Saurabh,Andhra Pradesh,Hyderabad,2019,January,0.047945205
B-26082,95,5,2,Clothing,Stole,2019-03-23,Jitesh,Uttar Pradesh,Lucknow,2019,March,0.052631579
B-25947,207,33,2,Electronics,Accessories,2019-01-13,Chetan,Gujarat,Ahmedabad,2019,January,0.15942029
B-25949,140,57,2,Clothing,Trousers,2019-01-13,Shantanu,Maharashtra,Mumbai,2019,January,0.407142857
B-25949,24,11,3,Clothing,Hankerchief,2019-01-13,Shantanu,Maharashtra,Mumbai,2019,January,0.458333333
B-26092,97,14,2,Clothing,T-shirt,2019-03-27,Ramesh,Gujarat,Ahmedabad,2019,March,0.144329897
B-25958,105,25,2,Clothing,Hankerchief,2019-01-18,Aparajita,West Bengal,Kolkata,2019,January,0.238095238
B-25960,171,-140,2,Furniture,Bookcases,2019-01-18,Shreya,Andhra Pradesh,Hyderabad,2019,January,-0.81871345
B-26049,100,28,2,Clothing,Hankerchief,2019-03-05,Lisha,Madhya Pradesh,Bhopal,2019,March,0.28
B-25961,26,3,3,Clothing,Skirt,2019-01-18,Surbhi,Gujarat,Ahmedabad,2019,January,0.115384615
B-25965,17,7,3,Clothing,Hankerchief,2019-01-21,Saloni,West Bengal,Kolkata,2019,January,0.411764706
B-26096,103,46,2,Clothing,Saree,2019-03-28,Atharv,West Bengal,Kolkata,2019,March,0.446601942
B-25969,720,43,2,Electronics,Printers,2019-01-21,Shreyshi,Gujarat,Surat,2019,January,0.059722222
B-25970,203,84,2,Electronics,Printers,2019-01-22,Rhea,Maharashtra,Mumbai,2019,January,0.413793103
B-25970,742,198,2,Furniture,Bookcases,2019-01-22,Rhea,Maharashtra,Mumbai,2019,January,0.266846361
B-25971,244,83,2,Furniture,Bookcases,2019-01-22,Mitali,Madhya Pradesh,Indore,2019,January,0.340163934
B-25972,115,47,2,Electronics,Accessories,2019-01-23,Jesslyn,Rajasthan,Udaipur,2019,January,0.408695652
B-25974,662,240,2,Furniture,Bookcases,2019-01-25,Manisha,Rajasthan,Udaipur,2019,January,0.362537764
B-25975,29,2,3,Clothing,Skirt,2019-01-25,Priyanka,Uttar Pradesh,Allahabad,2019,January,0.068965517
B-26002,113,28,2,Clothing,Saree,2019-02-08,Harsh,Delhi,Delhi,2019,February,0.247787611
B-25980,22,11,3,Clothing,Kurti,2019-01-27,Shweta,Rajasthan,Udaipur,2019,January,0.5
B-26004,162,73,2,Electronics,Electronic Games,2019-02-08,Nandita,Rajasthan,Jaipur,2019,February,0.450617284
B-26048,163,81,2,Electronics,Accessories,2019-03-04,Parth,Maharashtra,Pune,2019,March,0.496932515
B-26007,311,72,2,Furniture,Bookcases,2019-02-09,Shubham,Jammu and Kashmir,Kashmir,2019,February,0.231511254
B-26009,285,128,2,Electronics,Printers,2019-02-10,Komal,Uttar Pradesh,Lucknow,2019,February,0.449122807
B-26013,29,10,3,Clothing,Skirt,2019-02-13,Jahan,Madhya Pradesh,Bhopal,2019,February,0.344827586
B-26026,25,2,3,Clothing,Kurti,2019-02-19,Kanak,Goa,Goa,2019,February,0.08
B-26043,30,12,3,Clothing,Skirt,2019-03-01,Amit,Sikkim,Gangtok,2019,March,0.4
B-26044,28,10,3,Clothing,Skirt,2019-03-02,Sanjay,Goa,Goa,2019,March,0.357142857
B-26051,382,119,2,Clothing,Saree,2019-03-07,Parishi,West Bengal,Kolkata,2019,March,0.311518325
B-26051,490,88,2,Electronics,Accessories,2019-03-07,Parishi,West Bengal,Kolkata,2019,March,0.179591837
B-26057,659,-37,2,Furniture,Bookcases,2019-03-10,Sharda,Kerala ,Thiruvananthapuram,2019,March,-0.056145675
B-26071,21,4,3,Clothing,Hankerchief,2019-03-19,Subhashree,Jammu and Kashmir,Kashmir,2019,March,0.19047619
B-26073,29,9,3,Clothing,Saree,2019-03-21,Pournamasi,Madhya Pradesh,Indore,2019,March,0.310344828
B-26081,24,11,3,Clothing,Hankerchief,2019-03-22,Aarushi,Tamil Nadu,Chennai,2019,March,0.458333333
B-25898,33,13,3,Clothing,Leggings,2018-12-07,Abhishek,Rajasthan,Udaipur,2018,December,0.393939394
B-25956,33,10,3,Clothing,Hankerchief,2019-01-17,Shreya,Maharashtra,Mumbai,2019,January,0.303030303
B-25654,34,12,3,Clothing,Hankerchief,2018-05-10,Sabah,Maharashtra,Mumbai,2018,May,0.352941176
B-25961,34,10,3,Clothing,Skirt,2019-01-18,Surbhi,Gujarat,Ahmedabad,2019,January,0.294117647
B-26083,34,3,3,Clothing,Saree,2019-03-24,Yogesh,Bihar,Patna,2019,March,0.088235294
B-25881,36,7,3,Clothing,Leggings,2018-11-25,Pooja,Uttar Pradesh,Allahabad,2018,November,0.194444444
B-26042,36,15,3,Clothing,Stole,2019-02-28,Manish,Himachal Pradesh,Simla,2019,February,0.416666667
B-25673,37,-5,3,Clothing,T-shirt,2018-05-28,Arsheen,Gujarat,Ahmedabad,2018,May,-0.135135135
B-25755,37,-53,3,Clothing,Saree,2018-08-19,Shourya,Kerala ,Thiruvananthapuram,2018,August,-1.432432432
B-25881,37,3,3,Clothing,Hankerchief,2018-11-25,Pooja,Uttar Pradesh,Allahabad,2018,November,0.081081081
B-25903,37,17,3,Clothing,Hankerchief,2018-12-10,Amlan,Madhya Pradesh,Indore,2018,December,0.459459459
B-26073,37,17,3,Clothing,Hankerchief,2019-03-21,Pournamasi,Madhya Pradesh,Indore,2019,March,0.459459459
B-25798,38,-13,3,Clothing,Stole,2018-10-01,Shishu,Andhra Pradesh,Hyderabad,2018,October,-0.342105263
B-25630,40,-7,3,Clothing,Stole,2018-04-24,Sahil,Punjab,Chandigarh,2018,April,-0.175
B-25635,40,16,3,Clothing,Hankerchief,2018-04-26,Nidhi,Nagaland,Kohima,2018,April,0.4
B-25740,40,-37,3,Clothing,Stole,2018-08-03,Rane,Maharashtra,Mumbai,2018,August,-0.925
B-25761,40,0,3,Clothing,Saree,2018-08-25,Surabhi,Maharashtra,Mumbai,2018,August,0
B-25787,40,-12,3,Clothing,Shirt,2018-09-20,Asish,Jammu and Kashmir,Kashmir,2018,September,-0.3
B-25854,40,16,3,Clothing,Hankerchief,2018-11-08,Shubham,Maharashtra,Pune,2018,November,0.4
B-25930,40,13,3,Clothing,T-shirt,2019-01-03,Monica,Punjab,Chandigarh,2019,January,0.325
B-25981,42,13,3,Clothing,Leggings,2019-01-28,Amruta,Delhi,Delhi,2019,January,0.30952381
B-25610,43,0,3,Clothing,Saree,2018-04-09,Yogesh,Bihar,Patna,2018,April,0
B-25751,43,21,3,Clothing,Shirt,2018-08-14,Nishant,Maharashtra,Mumbai,2018,August,0.488372093
B-25897,43,5,3,Clothing,Stole,2018-12-06,Rohan,Madhya Pradesh,Indore,2018,December,0.11627907
B-26083,43,8,3,Clothing,Leggings,2019-03-24,Yogesh,Bihar,Patna,2019,March,0.186046512
B-25651,44,-8,3,Clothing,Stole,2018-05-07,Anurag,Madhya Pradesh,Indore,2018,May,-0.181818182
B-25655,44,-26,3,Clothing,Hankerchief,2018-05-11,Nida,Madhya Pradesh,Indore,2018,May,-0.590909091
B-25696,44,7,3,Clothing,Kurti,2018-06-21,Noopur,Karnataka,Bangalore,2018,June,0.159090909
B-25700,44,-32,3,Clothing,Stole,2018-06-25,Shubhi,Maharashtra,Mumbai,2018,June,-0.727272727
B-25745,44,-8,3,Clothing,Stole,2018-08-09,Kartik,Gujarat,Ahmedabad,2018,August,-0.181818182
B-25786,44,-34,3,Clothing,Stole,2018-09-19,Abhishek,Karnataka,Bangalore,2018,September,-0.772727273
B-25861,44,14,3,Clothing,Hankerchief,2018-11-15,Aayush,Uttar Pradesh,Lucknow,2018,November,0.318181818
B-25952,44,14,3,Clothing,Hankerchief,2019-01-13,Priyanka,Madhya Pradesh,Indore,2019,January,0.318181818
B-25953,44,2,3,Clothing,Hankerchief,2019-01-14,Krutika,Andhra Pradesh,Hyderabad,2019,January,0.045454545
B-25954,44,10,3,Clothing,Stole,2019-01-14,Trupti,Gujarat,Ahmedabad,2019,January,0.227272727
B-25989,44,14,3,Clothing,Hankerchief,2019-02-01,Anjali,Delhi,Delhi,2019,February,0.318181818
B-26062,44,-40,3,Clothing,Stole,2019-03-15,Tushina,Goa,Goa,2019,March,-0.909090909
B-25810,45,6,3,Clothing,Shirt,2018-10-10,Nripraj,Punjab,Chandigarh,2018,October,0.133333333
B-25833,45,16,3,Clothing,Stole,2018-10-29,Krishna,Madhya Pradesh,Indore,2018,October,0.355555556
B-25850,45,1,3,Clothing,T-shirt,2018-11-05,Abhishek,Goa,Goa,2018,November,0.022222222
B-26096,45,9,3,Clothing,Leggings,2019-03-28,Atharv,West Bengal,Kolkata,2019,March,0.2
B-26087,46,13,3,Clothing,Hankerchief,2019-03-26,Vandana,Himachal Pradesh,Simla,2019,March,0.282608696
B-25961,48,16,3,Clothing,Shirt,2019-01-18,Surbhi,Gujarat,Ahmedabad,2019,January,0.333333333
B-25981,48,2,3,Clothing,Stole,2019-01-28,Amruta,Delhi,Delhi,2019,January,0.041666667
B-25687,51,21,3,Clothing,T-shirt,2018-06-11,Sanjna,Maharashtra,Mumbai,2018,June,0.411764706
B-25854,53,-2,3,Clothing,Saree,2018-11-08,Shubham,Maharashtra,Pune,2018,November,-0.037735849
B-25898,53,5,3,Clothing,T-shirt,2018-12-07,Abhishek,Rajasthan,Udaipur,2018,December,0.094339623
B-25963,53,8,3,Furniture,Furnishings,2019-01-19,Pratiksha,Maharashtra,Mumbai,2019,January,0.150943396
B-25654,54,-3,3,Clothing,Saree,2018-05-10,Sabah,Maharashtra,Mumbai,2018,May,-0.055555556
B-25955,54,14,3,Clothing,T-shirt,2019-01-16,Soumya,Maharashtra,Pune,2019,January,0.259259259
B-25981,54,12,3,Clothing,Saree,2019-01-28,Amruta,Delhi,Delhi,2019,January,0.222222222
B-26010,55,3,3,Clothing,T-shirt,2019-02-11,Kartikay,Bihar,Patna,2019,February,0.054545455
B-25870,57,7,3,Furniture,Furnishings,2018-11-20,Pranav,Andhra Pradesh,Hyderabad,2018,November,0.122807018
B-25763,58,-52,3,Furniture,Chairs,2018-08-27,Noshiba,Gujarat,Ahmedabad,2018,August,-0.896551724
B-25625,59,30,3,Clothing,Leggings,2018-04-23,Pinky,Jammu and Kashmir,Kashmir,2018,April,0.508474576
B-25938,59,25,3,Clothing,Stole,2019-01-05,Shikhar,Himachal Pradesh,Simla,2019,January,0.423728814
B-25945,60,3,3,Clothing,Saree,2019-01-11,Mhatre,Madhya Pradesh,Indore,2019,January,0.05
B-25893,61,11,3,Clothing,Kurti,2018-12-04,Aashna,Uttar Pradesh,Allahabad,2018,December,0.180327869
B-25851,62,1,3,Clothing,Saree,2018-11-06,Kushal,Nagaland,Kohima,2018,November,0.016129032
B-25678,64,-7,3,Clothing,Saree,2018-06-03,Bathina,Karnataka,Bangalore,2018,June,-0.109375
B-25753,65,-52,3,Electronics,Accessories,2018-08-17,Shivam,Uttar Pradesh,Lucknow,2018,August,-0.8
B-25873,66,12,3,Clothing,Stole,2018-11-23,Divyeta,Madhya Pradesh,Indore,2018,November,0.181818182
B-26023,66,22,3,Clothing,Stole,2019-02-19,Mukesh,Haryana,Chandigarh,2019,February,0.333333333
B-25697,67,-42,3,Clothing,Stole,2018-06-22,Vijay,Jammu and Kashmir,Kashmir,2018,June,-0.626865672
B-25681,68,-27,3,Electronics,Accessories,2018-06-04,Bhawna,Madhya Pradesh,Indore,2018,June,-0.397058824
B-26056,70,24,3,Clothing,Stole,2019-03-10,Sonal,Bihar,Patna,2019,March,0.342857143
B-25990,71,32,3,Clothing,Saree,2019-02-02,Mugdha,Delhi,Delhi,2019,February,0.450704225
B-26002,71,19,3,Clothing,T-shirt,2019-02-08,Harsh,Delhi,Delhi,2019,February,0.267605634
B-25738,72,-6,3,Clothing,Saree,2018-08-02,Ayush,Punjab,Chandigarh,2018,August,-0.083333333
B-25680,73,-25,3,Clothing,Saree,2018-06-04,Aayushi,Madhya Pradesh,Indore,2018,June,-0.342465753
B-25931,73,-36,3,Furniture,Chairs,2019-01-04,Sidharth,Maharashtra,Mumbai,2019,January,-0.493150685
B-25670,74,29,3,Clothing,Stole,2018-05-25,Charika,Goa,Goa,2018,May,0.391891892
B-25743,74,-51,3,Clothing,Stole,2018-08-07,Aman,Nagaland,Kohima,2018,August,-0.689189189
B-25792,74,-25,3,Clothing,Stole,2018-09-24,Abhishek,Maharashtra,Mumbai,2018,September,-0.337837838
B-25856,74,29,3,Clothing,Stole,2018-11-10,Abhijeet,Maharashtra,Mumbai,2018,November,0.391891892
B-25977,74,29,3,Clothing,Stole,2019-01-27,Aayushi,Gujarat,Surat,2019,January,0.391891892
B-26016,74,9,3,Clothing,Shirt,2019-02-14,Hazel,Karnataka,Bangalore,2019,February,0.121621622
B-25691,75,-25,3,Clothing,Stole,2018-06-16,Akancha,Maharashtra,Mumbai,2018,June,-0.333333333
B-25702,75,0,3,Clothing,Shirt,2018-06-27,Shaily,Maharashtra,Mumbai,2018,June,0
B-25723,76,-54,3,Electronics,Electronic Games,2018-07-18,Wale,Maharashtra,Mumbai,2018,July,-0.710526316
B-25854,76,19,3,Clothing,Hankerchief,2018-11-08,Shubham,Maharashtra,Pune,2018,November,0.25
B-25906,78,27,3,Clothing,Stole,2018-12-11,Abhijit,Delhi,Delhi,2018,December,0.346153846
B-26003,79,16,3,Clothing,T-shirt,2019-02-08,Hitesh,Madhya Pradesh,Bhopal,2019,February,0.202531646
B-26050,79,32,3,Clothing,Saree,2019-03-06,Paridhi,Rajasthan,Jaipur,2019,March,0.405063291
B-25862,80,3,3,Clothing,Stole,2018-11-15,Amol,Bihar,Patna,2018,November,0.0375
B-26002,80,22,3,Clothing,Stole,2019-02-08,Harsh,Delhi,Delhi,2019,February,0.275
B-26051,80,22,3,Clothing,Stole,2019-03-07,Parishi,West Bengal,Kolkata,2019,March,0.275
B-26090,80,22,3,Clothing,Stole,2019-03-27,Sagar,Nagaland,Kohima,2019,March,0.275
B-25933,81,-44,3,Clothing,Stole,2019-01-04,Shikhar,Maharashtra,Mumbai,2019,January,-0.543209877
B-25953,81,41,3,Clothing,Stole,2019-01-14,Krutika,Andhra Pradesh,Hyderabad,2019,January,0.50617284
B-25979,82,27,3,Clothing,Kurti,2019-01-27,Shivangi,Madhya Pradesh,Indore,2019,January,0.329268293
B-26098,82,8,3,Electronics,Accessories,2019-03-29,Pinky,Jammu and Kashmir,Kashmir,2019,March,0.097560976
B-25730,83,-81,3,Furniture,Chairs,2018-07-22,Rishabh,Rajasthan,Jaipur,2018,July,-0.975903614
B-25893,83,12,3,Clothing,Stole,2018-12-04,Aashna,Uttar Pradesh,Allahabad,2018,December,0.144578313
B-25878,84,41,3,Clothing,T-shirt,2018-11-24,Mrinal,Maharashtra,Mumbai,2018,November,0.488095238
B-25865,85,-1,3,Clothing,Saree,2018-11-15,Arun,Madhya Pradesh,Indore,2018,November,-0.011764706
B-25869,86,9,3,Clothing,Saree,2018-11-19,Parakh,Nagaland,Kohima,2018,November,0.104651163
B-26005,87,10,3,Clothing,Stole,2019-02-08,Parnavi,West Bengal,Kolkata,2019,February,0.114942529
B-26096,88,11,3,Electronics,Accessories,2019-03-28,Atharv,West Bengal,Kolkata,2019,March,0.125
B-26030,89,36,3,Clothing,Shirt,2019-02-21,Sarita,Maharashtra,Pune,2019,February,0.404494382
B-25717,90,17,3,Clothing,Shirt,2018-07-12,Manshul,Uttar Pradesh,Lucknow,2018,July,0.188888889
B-25855,90,17,3,Clothing,Hankerchief,2018-11-08,Abhijeet,Madhya Pradesh,Bhopal,2018,November,0.188888889
B-26053,93,31,3,Electronics,Accessories,2019-03-09,Kirti,Jammu and Kashmir,Kashmir,2019,March,0.333333333
B-26081,93,-84,3,Clothing,Saree,2019-03-22,Aarushi,Tamil Nadu,Chennai,2019,March,-0.903225806
B-25704,102,0,3,Electronics,Phones,2018-06-29,Riya,Maharashtra,Mumbai,2018,June,0
B-25803,106,12,3,Clothing,Trousers,2018-10-05,Shivanshu,Madhya Pradesh,Indore,2018,October,0.113207547
B-25886,107,37,3,Clothing,Shirt,2018-11-28,Brijesh,Rajasthan,Udaipur,2018,November,0.345794393
B-25734,108,-19,3,Electronics,Electronic Games,2018-07-29,Pranav,Madhya Pradesh,Indore,2018,July,-0.175925926
B-25909,108,22,3,Electronics,Accessories,2018-12-13,Sujay,Madhya Pradesh,Delhi,2018,December,0.203703704
B-25860,112,24,3,Clothing,Kurti,2018-11-15,Akshay,Tamil Nadu,Chennai,2018,November,0.214285714
B-25697,114,8,3,Electronics,Accessories,2018-06-22,Vijay,Jammu and Kashmir,Kashmir,2018,June,0.070175439
B-25697,115,-39,3,Clothing,Trousers,2018-06-22,Vijay,Jammu and Kashmir,Kashmir,2018,June,-0.339130435
B-25637,117,14,3,Clothing,Shirt,2018-04-26,Ashmi,Madhya Pradesh,Indore,2018,April,0.11965812
B-25696,117,-6,3,Electronics,Phones,2018-06-21,Noopur,Karnataka,Bangalore,2018,June,-0.051282051
B-25654,121,-17,3,Furniture,Furnishings,2018-05-10,Sabah,Maharashtra,Mumbai,2018,May,-0.140495868
B-25654,122,-21,3,Furniture,Furnishings,2018-05-10,Sabah,Maharashtra,Mumbai,2018,May,-0.172131148
B-25928,122,15,3,Electronics,Accessories,2019-01-01,Smriti,Bihar,Patna,2019,January,0.12295082
B-25668,123,17,3,Furniture,Furnishings,2018-05-24,Rhea,Himachal Pradesh,Simla,2018,May,0.138211382
B-25821,125,0,3,Electronics,Accessories,2018-10-16,Ajay,West Bengal,Kolkata,2018,October,0
B-25914,125,22,3,Clothing,Stole,2018-12-18,Kajal,Delhi,Delhi,2018,December,0.176
B-25704,126,-63,3,Electronics,Accessories,2018-06-29,Riya,Maharashtra,Mumbai,2018,June,-0.5
B-25883,127,29,3,Furniture,Furnishings,2018-11-27,Saptadeep,Gujarat,Surat,2018,November,0.228346457
B-25828,128,-3,3,Clothing,Saree,2018-10-24,Nikita,Punjab,Chandigarh,2018,October,-0.0234375
B-25853,128,4,3,Clothing,Saree,2018-11-08,Gaurav,Gujarat,Ahmedabad,2018,November,0.03125
B-25861,128,4,3,Clothing,Saree,2018-11-15,Aayush,Uttar Pradesh,Lucknow,2018,November,0.03125
B-26038,130,61,3,Clothing,Shirt,2019-02-24,Pooja,Bihar,Patna,2019,February,0.469230769
B-25959,132,49,3,Clothing,Shirt,2019-01-18,Muskan,Madhya Pradesh,Indore,2019,January,0.371212121
B-26085,132,-10,3,Clothing,Saree,2019-03-26,Shrichand,Punjab,Chandigarh,2019,March,-0.075757576
B-26016,134,-13,3,Electronics,Electronic Games,2019-02-14,Hazel,Karnataka,Bangalore,2019,February,-0.097014925
B-25939,136,41,3,Electronics,Accessories,2019-01-05,Vineet,Sikkim,Gangtok,2019,January,0.301470588
B-25780,137,-41,3,Electronics,Phones,2018-09-13,Teena,Andhra Pradesh,Hyderabad,2018,September,-0.299270073
B-26078,137,63,3,Clothing,Stole,2019-03-22,Kasheen,West Bengal,Kolkata,2019,March,0.459854015
B-25765,139,14,3,Clothing,Stole,2018-08-29,Meghana,Madhya Pradesh,Bhopal,2018,August,0.100719424
B-25892,139,30,3,Clothing,Shirt,2018-12-04,Aditi,Rajasthan,Udaipur,2018,December,0.215827338
B-26054,139,21,3,Electronics,Accessories,2019-03-10,Mayank,Maharashtra,Mumbai,2019,March,0.151079137
B-26054,139,36,3,Clothing,Stole,2019-03-10,Mayank,Maharashtra,Mumbai,2019,March,0.258992806
B-26089,139,14,3,Clothing,Kurti,2019-03-26,Kanak,Goa,Goa,2019,March,0.100719424
B-25992,141,41,3,Clothing,Shirt,2019-02-03,Gaurav,Rajasthan,Udaipur,2019,February,0.290780142
B-26052,145,0,3,Clothing,Saree,2019-03-08,Ajay,Karnataka,Bangalore,2019,March,0
B-26083,145,16,3,Clothing,T-shirt,2019-03-24,Yogesh,Bihar,Patna,2019,March,0.110344828
B-25808,146,-63,3,Electronics,Electronic Games,2018-10-08,Apsingekar,Bihar,Patna,2018,October,-0.431506849
B-25848,147,21,3,Furniture,Furnishings,2018-11-03,Rohan,Himachal Pradesh,Simla,2018,November,0.142857143
B-25898,147,73,3,Clothing,Stole,2018-12-07,Abhishek,Rajasthan,Udaipur,2018,December,0.496598639
B-25952,147,48,3,Clothing,Saree,2019-01-13,Priyanka,Madhya Pradesh,Indore,2019,January,0.326530612
B-25957,147,73,3,Clothing,Stole,2019-01-18,Mahima,Madhya Pradesh,Indore,2019,January,0.496598639
B-26004,147,44,3,Clothing,Saree,2019-02-08,Nandita,Rajasthan,Jaipur,2019,February,0.299319728
B-25771,148,59,3,Clothing,Hankerchief,2018-09-02,Vaibhavi,Uttar Pradesh,Lucknow,2018,September,0.398648649
B-25796,148,0,3,Clothing,Saree,2018-09-24,Sukrith,Maharashtra,Mumbai,2018,September,0
B-25850,148,24,3,Clothing,Stole,2018-11-05,Abhishek,Goa,Goa,2018,November,0.162162162
B-26093,148,25,3,Clothing,Saree,2019-03-27,Sarita,Maharashtra,Pune,2019,March,0.168918919
B-25689,149,36,3,Clothing,Stole,2018-06-14,Bhaggyasree,Maharashtra,Mumbai,2018,June,0.241610738
B-25893,149,15,3,Clothing,Saree,2018-12-04,Aashna,Uttar Pradesh,Allahabad,2018,December,0.100671141
B-25943,149,15,3,Clothing,Saree,2019-01-09,Shardul,Gujarat,Ahmedabad,2019,January,0.100671141
B-25935,150,32,3,Clothing,Hankerchief,2019-01-04,Sudhir,Nagaland,Kohima,2019,January,0.213333333
B-25949,151,9,3,Clothing,Hankerchief,2019-01-13,Shantanu,Maharashtra,Mumbai,2019,January,0.059602649
B-25948,152,23,3,Furniture,Furnishings,2019-01-13,Mukund,Maharashtra,Pune,2019,January,0.151315789
B-25638,154,39,3,Clothing,Hankerchief,2018-04-26,Parth,Maharashtra,Pune,2018,April,0.253246753
B-25809,154,54,3,Clothing,Hankerchief,2018-10-09,Suman,Kerala ,Thiruvananthapuram,2018,October,0.350649351
B-25929,154,-85,3,Furniture,Chairs,2019-01-02,Girase,Kerala ,Thiruvananthapuram,2019,January,-0.551948052
B-25683,155,56,3,Furniture,Furnishings,2018-06-08,Shreya,Kerala ,Thiruvananthapuram,2018,June,0.361290323
B-25835,155,26,3,Clothing,Stole,2018-10-29,Moumita,Gujarat,Ahmedabad,2018,October,0.167741935
B-26025,155,5,3,Clothing,Stole,2019-02-19,Bhavna,Sikkim,Gangtok,2019,February,0.032258065
B-25827,156,21,3,Furniture,Chairs,2018-10-23,Sheetal,Madhya Pradesh,Indore,2018,October,0.134615385
B-26054,156,23,3,Clothing,Stole,2019-03-10,Mayank,Maharashtra,Mumbai,2019,March,0.147435897
B-25623,158,69,3,Clothing,Stole,2018-04-22,Atharv,West Bengal,Kolkata,2018,April,0.436708861
B-25901,158,38,3,Clothing,Hankerchief,2018-12-10,Suraj,Gujarat,Surat,2018,December,0.240506329
B-26091,158,69,3,Clothing,Stole,2019-03-27,Manju,Andhra Pradesh,Hyderabad,2019,March,0.436708861
B-25901,159,2,3,Furniture,Furnishings,2018-12-10,Suraj,Gujarat,Surat,2018,December,0.012578616
B-25838,161,40,3,Clothing,Stole,2018-10-29,Sanjana,Madhya Pradesh,Indore,2018,October,0.248447205
B-25935,162,20,3,Furniture,Chairs,2019-01-04,Sudhir,Nagaland,Kohima,2019,January,0.12345679
B-26053,162,55,3,Clothing,Stole,2019-03-09,Kirti,Jammu and Kashmir,Kashmir,2019,March,0.339506173
B-25757,165,30,3,Clothing,Stole,2018-08-21,Mohit,Madhya Pradesh,Indore,2018,August,0.181818182
B-25878,165,46,3,Furniture,Furnishings,2018-11-24,Mrinal,Maharashtra,Mumbai,2018,November,0.278787879
B-25653,168,-10,3,Electronics,Accessories,2018-05-08,Farah,Nagaland,Kohima,2018,May,-0.05952381
B-25696,168,-9,3,Clothing,Saree,2018-06-21,Noopur,Karnataka,Bangalore,2018,June,-0.053571429
B-25909,168,56,3,Clothing,Saree,2018-12-13,Sujay,Madhya Pradesh,Delhi,2018,December,0.333333333
B-25944,169,38,3,Clothing,Saree,2019-01-10,Syed,Maharashtra,Pune,2019,January,0.224852071
B-26081,169,0,3,Electronics,Accessories,2019-03-22,Aarushi,Tamil Nadu,Chennai,2019,March,0
B-25651,172,-103,3,Furniture,Chairs,2018-05-07,Anurag,Madhya Pradesh,Indore,2018,May,-0.598837209
B-25952,173,69,3,Furniture,Chairs,2019-01-13,Priyanka,Madhya Pradesh,Indore,2019,January,0.398843931
B-25652,174,-70,3,Electronics,Accessories,2018-05-08,Tushina,Goa,Goa,2018,May,-0.402298851
B-25791,175,77,3,Clothing,Saree,2018-09-24,Avish,Kerala ,Thiruvananthapuram,2018,September,0.44
B-25603,180,5,3,Clothing,Trousers,2018-04-03,Jahan,Madhya Pradesh,Bhopal,2018,April,0.027777778
B-25638,182,-11,3,Furniture,Bookcases,2018-04-26,Parth,Maharashtra,Pune,2018,April,-0.06043956
B-25737,187,-15,3,Clothing,Trousers,2018-08-01,Shubham,Madhya Pradesh,Indore,2018,August,-0.080213904
B-25785,192,-146,3,Clothing,Saree,2018-09-15,Ayush,West Bengal,Kolkata,2018,September,-0.760416667
B-25603,193,-166,3,Clothing,Saree,2018-04-03,Jahan,Madhya Pradesh,Bhopal,2018,April,-0.860103627
B-25712,193,-275,3,Electronics,Phones,2018-07-07,Adhvaita,Rajasthan,Jaipur,2018,July,-1.424870466
B-25756,204,-276,3,Furniture,Bookcases,2018-08-20,Mohan,Maharashtra,Mumbai,2018,August,-1.352941176
B-25799,205,-119,3,Clothing,Saree,2018-10-01,Divyansh,Gujarat,Ahmedabad,2018,October,-0.580487805
B-25652,206,-206,3,Clothing,Saree,2018-05-08,Tushina,Goa,Goa,2018,May,-1
B-25698,207,-153,3,Clothing,Saree,2018-06-23,Amisha,Tamil Nadu,Chennai,2018,June,-0.739130435
B-26056,213,-145,3,Furniture,Bookcases,2019-03-10,Sonal,Bihar,Patna,2019,March,-0.680751174
B-25843,214,30,3,Electronics,Accessories,2018-11-03,Mrunal,Maharashtra,Mumbai,2018,November,0.140186916
B-25861,216,-83,3,Electronics,Electronic Games,2018-11-15,Aayush,Uttar Pradesh,Lucknow,2018,November,-0.384259259
B-25929,216,-135,3,Furniture,Chairs,2019-01-02,Girase,Kerala ,Thiruvananthapuram,2019,January,-0.625
B-25888,223,4,3,Electronics,Phones,2018-12-02,Rohan,Punjab,Amritsar,2018,December,0.01793722
B-25661,224,-81,3,Furniture,Chairs,2018-05-17,Subhashree,Jammu and Kashmir,Kashmir,2018,May,-0.361607143
B-25748,224,58,3,Electronics,Phones,2018-08-12,Nitant,Rajasthan,Jaipur,2018,August,0.258928571
B-25773,224,-143,3,Furniture,Chairs,2018-09-06,Shreya,Kerala ,Thiruvananthapuram,2018,September,-0.638392857
B-26057,224,87,3,Clothing,Trousers,2019-03-10,Sharda,Kerala ,Thiruvananthapuram,2019,March,0.388392857
B-25923,226,58,3,Electronics,Accessories,2018-12-27,Vishakha,Maharashtra,Mumbai,2018,December,0.256637168
B-25621,228,63,3,Electronics,Electronic Games,2018-04-20,Deepak,Madhya Pradesh,Bhopal,2018,April,0.276315789
B-25660,245,-78,3,Clothing,Saree,2018-05-16,Shruti,Karnataka,Bangalore,2018,May,-0.318367347
B-25773,248,-70,3,Furniture,Chairs,2018-09-06,Shreya,Kerala ,Thiruvananthapuram,2018,September,-0.282258065
B-25951,250,100,3,Clothing,Trousers,2019-01-13,Jesal,West Bengal,Kolkata,2019,January,0.4
B-25685,264,-30,3,Furniture,Furnishings,2018-06-10,Sheetal,Madhya Pradesh,Indore,2018,June,-0.113636364
B-26096,264,-26,3,Clothing,Trousers,2019-03-28,Atharv,West Bengal,Kolkata,2019,March,-0.098484848
B-25650,269,111,3,Clothing,Trousers,2018-05-06,Chirag,Maharashtra,Mumbai,2018,May,0.412639405
B-25767,299,-28,3,Electronics,Electronic Games,2018-08-31,Ashmeet,West Bengal,Kolkata,2018,August,-0.093645485
B-25702,306,-147,3,Clothing,Saree,2018-06-27,Shaily,Maharashtra,Mumbai,2018,June,-0.480392157
B-25810,307,74,3,Electronics,Accessories,2018-10-10,Nripraj,Punjab,Chandigarh,2018,October,0.241042345
B-26072,313,44,3,Electronics,Electronic Games,2019-03-20,Sweta,Maharashtra,Mumbai,2019,March,0.14057508
B-25925,314,-41,3,Electronics,Electronic Games,2018-12-29,Shruti,Maharashtra,Mumbai,2018,December,-0.130573248
B-26003,315,-8,3,Furniture,Chairs,2019-02-08,Hitesh,Madhya Pradesh,Bhopal,2019,February,-0.025396825
B-25804,321,26,3,Electronics,Printers,2018-10-05,Sudheer,Karnataka,Bangalore,2018,October,0.080996885
B-26018,326,107,3,Furniture,Furnishings,2019-02-14,Aarushi,Tamil Nadu,Chennai,2019,February,0.328220859
B-25761,328,-15,3,Electronics,Electronic Games,2018-08-25,Surabhi,Maharashtra,Mumbai,2018,August,-0.045731707
B-25686,332,-503,3,Electronics,Printers,2018-06-11,Pooja,Himachal Pradesh,Simla,2018,June,-1.515060241
B-25621,333,-15,3,Electronics,Phones,2018-04-20,Deepak,Madhya Pradesh,Bhopal,2018,April,-0.045045045
B-25849,336,123,3,Electronics,Phones,2018-11-04,K,Sikkim,Gangtok,2018,November,0.366071429
B-25851,336,71,3,Furniture,Bookcases,2018-11-06,Kushal,Nagaland,Kohima,2018,November,0.211309524
B-25667,344,-34,3,Clothing,Saree,2018-05-23,Anjali,Haryana,Chandigarh,2018,May,-0.098837209
B-25964,346,108,3,Furniture,Chairs,2019-01-20,Oshin,Madhya Pradesh,Indore,2019,January,0.312138728
B-25958,360,32,3,Clothing,Saree,2019-01-18,Aparajita,West Bengal,Kolkata,2019,January,0.088888889
B-25970,365,107,3,Electronics,Phones,2019-01-22,Rhea,Maharashtra,Mumbai,2019,January,0.293150685
B-25961,366,84,3,Furniture,Bookcases,2019-01-18,Surbhi,Gujarat,Ahmedabad,2019,January,0.229508197
B-25873,367,73,3,Electronics,Electronic Games,2018-11-23,Divyeta,Madhya Pradesh,Indore,2018,November,0.198910082
B-26035,369,15,3,Electronics,Electronic Games,2019-02-23,Pinky,Jammu and Kashmir,Kashmir,2019,February,0.040650407
B-25893,372,59,3,Electronics,Printers,2018-12-04,Aashna,Uttar Pradesh,Allahabad,2018,December,0.158602151
B-25770,375,180,3,Furniture,Bookcases,2018-09-02,Sakshi,Madhya Pradesh,Indore,2018,September,0.48
B-25635,382,30,3,Clothing,Saree,2018-04-26,Nidhi,Nagaland,Kohima,2018,April,0.078534031
B-26060,382,68,3,Clothing,Saree,2019-03-13,Chirag,Maharashtra,Mumbai,2019,March,0.178010471
B-25634,389,-83,3,Furniture,Chairs,2018-04-26,Sanjay,Goa,Goa,2018,April,-0.213367609
B-26098,409,86,3,Clothing,Saree,2019-03-29,Pinky,Jammu and Kashmir,Kashmir,2019,March,0.210268949
B-25993,414,199,3,Electronics,Phones,2019-02-03,Harshal,Delhi,Delhi,2019,February,0.480676329
B-25715,416,137,3,Electronics,Phones,2018-07-10,Srishti,Jammu and Kashmir,Kashmir,2018,July,0.329326923
B-25819,417,49,3,Electronics,Electronic Games,2018-10-15,Ankur,Madhya Pradesh,Bhopal,2018,October,0.117505995
B-25959,429,17,3,Furniture,Chairs,2019-01-18,Muskan,Madhya Pradesh,Indore,2019,January,0.03962704
B-26016,429,61,3,Electronics,Electronic Games,2019-02-14,Hazel,Karnataka,Bangalore,2019,February,0.142191142
B-25683,433,26,3,Electronics,Printers,2018-06-08,Shreya,Kerala ,Thiruvananthapuram,2018,June,0.060046189
B-25961,446,53,3,Electronics,Printers,2019-01-18,Surbhi,Gujarat,Ahmedabad,2019,January,0.118834081
B-25654,450,-90,3,Electronics,Printers,2018-05-10,Sabah,Maharashtra,Mumbai,2018,May,-0.2
B-26096,451,25,3,Electronics,Phones,2019-03-28,Atharv,West Bengal,Kolkata,2019,March,0.055432373
B-25718,460,31,3,Furniture,Bookcases,2018-07-12,Anjali,Maharashtra,Mumbai,2018,July,0.067391304
B-25914,460,143,3,Furniture,Chairs,2018-12-18,Kajal,Delhi,Delhi,2018,December,0.310869565
B-25689,469,-459,3,Electronics,Electronic Games,2018-06-14,Bhaggyasree,Maharashtra,Mumbai,2018,June,-0.978678038
B-25608,476,0,3,Furniture,Chairs,2018-04-08,Aarushi,Tamil Nadu,Chennai,2018,April,0
B-25923,484,28,3,Electronics,Printers,2018-12-27,Vishakha,Maharashtra,Mumbai,2018,December,0.05785124
B-25986,487,-23,3,Electronics,Printers,2019-01-31,Shweta,Rajasthan,Udaipur,2019,January,-0.047227926
B-26098,497,179,3,Furniture,Chairs,2019-03-29,Pinky,Jammu and Kashmir,Kashmir,2019,March,0.360160966
B-25832,504,116,3,Furniture,Bookcases,2018-10-28,Harshita,Maharashtra,Mumbai,2018,October,0.23015873
B-25803,511,194,3,Furniture,Chairs,2018-10-05,Shivanshu,Madhya Pradesh,Indore,2018,October,0.37964775
B-26035,520,151,3,Electronics,Phones,2019-02-23,Pinky,Jammu and Kashmir,Kashmir,2019,February,0.290384615
B-26010,527,26,3,Electronics,Electronic Games,2019-02-11,Kartikay,Bihar,Patna,2019,February,0.049335863
B-25685,529,137,3,Electronics,Phones,2018-06-10,Sheetal,Madhya Pradesh,Indore,2018,June,0.258979206
B-25622,534,0,3,Clothing,Saree,2018-04-22,Monisha,Rajasthan,Jaipur,2018,April,0
B-25656,534,0,3,Clothing,Saree,2018-05-11,Priyanka,Maharashtra,Pune,2018,May,0
B-25828,537,107,3,Clothing,Saree,2018-10-24,Nikita,Punjab,Chandigarh,2018,October,0.199255121
B-25962,544,-152,3,Furniture,Bookcases,2019-01-19,Tejeswini,Maharashtra,Pune,2019,January,-0.279411765
B-25979,560,44,3,Clothing,Saree,2019-01-27,Shivangi,Madhya Pradesh,Indore,2019,January,0.078571429
B-25602,561,212,3,Clothing,Saree,2018-04-01,Pearl,Maharashtra,Pune,2018,April,0.377896613
B-25717,561,212,3,Clothing,Saree,2018-07-12,Manshul,Uttar Pradesh,Lucknow,2018,July,0.377896613
B-25853,579,139,3,Electronics,Printers,2018-11-08,Gaurav,Gujarat,Ahmedabad,2018,November,0.240069085
B-26053,594,89,3,Furniture,Bookcases,2019-03-09,Kirti,Jammu and Kashmir,Kashmir,2019,March,0.14983165
B-25785,595,292,3,Clothing,Saree,2018-09-15,Ayush,West Bengal,Kolkata,2018,September,0.490756303
B-25993,610,208,3,Electronics,Printers,2019-02-03,Harshal,Delhi,Delhi,2019,February,0.340983607
B-25786,623,-192,3,Furniture,Tables,2018-09-19,Abhishek,Karnataka,Bangalore,2018,September,-0.308186196
B-25888,646,213,3,Electronics,Electronic Games,2018-12-02,Rohan,Punjab,Amritsar,2018,December,0.329721362
B-25653,668,-31,3,Electronics,Printers,2018-05-08,Farah,Nagaland,Kohima,2018,May,-0.046407186
B-26000,676,151,3,Electronics,Printers,2019-02-06,Shubham,Delhi,Delhi,2019,February,0.223372781
B-25945,765,-36,3,Electronics,Electronic Games,2019-01-11,Mhatre,Madhya Pradesh,Indore,2019,January,-0.047058824
B-25999,770,323,3,Electronics,Accessories,2019-02-05,Diwakar,Delhi,Delhi,2019,February,0.419480519
B-26033,774,170,3,Electronics,Accessories,2019-02-22,Atharv,West Bengal,Kolkata,2019,February,0.219638243
B-26052,774,170,3,Electronics,Accessories,2019-03-08,Ajay,Karnataka,Bangalore,2019,March,0.219638243
B-25638,816,-96,3,Electronics,Printers,2018-04-26,Parth,Maharashtra,Pune,2018,April,-0.117647059
B-25671,832,0,3,Clothing,Trousers,2018-05-27,Mitali,Nagaland,Kohima,2018,May,0
B-26040,833,93,3,Clothing,Trousers,2019-02-26,Sahil,Punjab,Chandigarh,2019,February,0.111644658
B-25696,887,80,3,Electronics,Printers,2018-06-21,Noopur,Karnataka,Bangalore,2018,June,0.090191657
B-25898,915,-99,3,Furniture,Tables,2018-12-07,Abhishek,Rajasthan,Udaipur,2018,December,-0.108196721
B-25702,941,-203,3,Furniture,Tables,2018-06-27,Shaily,Maharashtra,Mumbai,2018,June,-0.215727949
B-25955,954,95,3,Electronics,Printers,2019-01-16,Soumya,Maharashtra,Pune,2019,January,0.099580713
B-25838,955,305,3,Electronics,Printers,2018-10-29,Sanjana,Madhya Pradesh,Indore,2018,October,0.319371728
B-26061,965,-68,3,Electronics,Printers,2019-03-14,Anurag,Madhya Pradesh,Indore,2019,March,-0.070466321
B-25749,1052,-82,3,Furniture,Bookcases,2018-08-13,Ayush,Maharashtra,Mumbai,2018,August,-0.077946768
B-25937,1101,352,3,Furniture,Bookcases,2019-01-05,Ankit,Haryana,Chandigarh,2019,January,0.319709355
B-25626,1103,-276,3,Furniture,Chairs,2018-04-23,Bhishm,Maharashtra,Mumbai,2018,April,-0.250226655
B-25730,1145,-706,3,Electronics,Phones,2018-07-22,Rishabh,Rajasthan,Jaipur,2018,July,-0.616593886
B-25925,1228,14,3,Furniture,Chairs,2018-12-29,Shruti,Maharashtra,Mumbai,2018,December,0.011400651
B-25894,1246,62,3,Furniture,Bookcases,2018-12-04,Monu,Punjab,Amritsar,2018,December,0.04975923
B-25929,1308,536,3,Furniture,Bookcases,2019-01-02,Girase,Kerala ,Thiruvananthapuram,2019,January,0.409785933
B-25995,1314,342,3,Furniture,Bookcases,2019-02-04,Yohann,Delhi,Delhi,2019,February,0.260273973
B-25779,1361,-980,3,Furniture,Tables,2018-09-12,Savi,Madhya Pradesh,Indore,2018,September,-0.72005878
B-26085,1487,624,3,Clothing,Trousers,2019-03-26,Shrichand,Punjab,Chandigarh,2019,March,0.419636853
B-25629,1560,421,3,Clothing,Trousers,2018-04-24,Hemant,Kerala ,Thiruvananthapuram,2018,April,0.269871795
B-25909,1622,248,3,Electronics,Phones,2018-12-13,Sujay,Madhya Pradesh,Delhi,2018,December,0.152897657
B-25681,1625,-77,3,Electronics,Phones,2018-06-04,Bhawna,Madhya Pradesh,Indore,2018,June,-0.047384615
B-25639,1629,-153,3,Electronics,Phones,2018-04-27,Lisha,Madhya Pradesh,Bhopal,2018,April,-0.093922652
B-25902,1700,85,3,Clothing,Trousers,2018-12-10,Ishpreet,Maharashtra,Mumbai,2018,December,0.05
B-25755,1709,564,3,Clothing,Trousers,2018-08-19,Shourya,Kerala ,Thiruvananthapuram,2018,August,0.330017554
B-25830,1954,782,3,Electronics,Phones,2018-10-26,Aastha,Himachal Pradesh,Simla,2018,October,0.400204708
B-25667,11,-2,4,Clothing,Hankerchief,2018-05-23,Anjali,Haryana,Chandigarh,2018,May,-0.181818182
B-25687,14,-1,4,Clothing,Kurti,2018-06-11,Sanjna,Maharashtra,Mumbai,2018,June,-0.071428571
B-25952,14,0,4,Clothing,Hankerchief,2019-01-13,Priyanka,Madhya Pradesh,Indore,2019,January,0
B-25883,16,-15,4,Clothing,Hankerchief,2018-11-27,Saptadeep,Gujarat,Surat,2018,November,-0.9375
B-25757,17,-13,4,Clothing,Skirt,2018-08-21,Mohit,Madhya Pradesh,Indore,2018,August,-0.764705882
B-26056,19,-18,4,Clothing,Kurti,2019-03-10,Sonal,Bihar,Patna,2019,March,-0.947368421
B-25801,21,-10,4,Clothing,Leggings,2018-10-01,Aryan,Madhya Pradesh,Bhopal,2018,October,-0.476190476
B-25703,22,-15,4,Clothing,Kurti,2018-06-28,Ekta,Madhya Pradesh,Indore,2018,June,-0.681818182
B-25953,22,-8,4,Clothing,Hankerchief,2019-01-14,Krutika,Andhra Pradesh,Hyderabad,2019,January,-0.363636364
B-25733,23,-6,4,Clothing,Hankerchief,2018-07-28,Dhirajendu,Maharashtra,Mumbai,2018,July,-0.260869565
B-25628,24,-9,4,Clothing,Saree,2018-04-24,Pooja,Bihar,Patna,2018,April,-0.375
B-25793,24,-1,4,Clothing,Skirt,2018-09-24,Siddharth,Madhya Pradesh,Indore,2018,September,-0.041666667
B-25850,24,1,4,Clothing,Hankerchief,2018-11-05,Abhishek,Goa,Goa,2018,November,0.041666667
B-25884,24,2,4,Clothing,Hankerchief,2018-11-28,Sumeet,Maharashtra,Mumbai,2018,November,0.083333333
B-25609,25,-5,4,Clothing,Saree,2018-04-09,Jitesh,Uttar Pradesh,Lucknow,2018,April,-0.2
B-25710,25,0,4,Clothing,Skirt,2018-07-05,Megha,Maharashtra,Pune,2018,July,0
B-25781,25,-1,4,Clothing,Kurti,2018-09-14,Rutuja,Gujarat,Ahmedabad,2018,September,-0.04
B-25810,26,10,4,Clothing,Hankerchief,2018-10-10,Nripraj,Punjab,Chandigarh,2018,October,0.384615385
B-25943,26,7,4,Clothing,Hankerchief,2019-01-09,Shardul,Gujarat,Ahmedabad,2019,January,0.269230769
B-25698,27,-6,4,Clothing,Hankerchief,2018-06-23,Amisha,Tamil Nadu,Chennai,2018,June,-0.222222222
B-25818,28,14,4,Clothing,Hankerchief,2018-10-14,Sandeep,Madhya Pradesh,Indore,2018,October,0.5
B-25899,28,6,4,Clothing,Skirt,2018-12-08,Aishwarya,Uttar Pradesh,Allahabad,2018,December,0.214285714
B-25756,29,-24,4,Clothing,Leggings,2018-08-20,Mohan,Maharashtra,Mumbai,2018,August,-0.827586207
B-25858,29,11,4,Clothing,Skirt,2018-11-13,Swapnil,Maharashtra,Mumbai,2018,November,0.379310345
B-26091,29,10,4,Clothing,Hankerchief,2019-03-27,Manju,Andhra Pradesh,Hyderabad,2019,March,0.344827586
B-25702,31,-3,4,Clothing,Saree,2018-06-27,Shaily,Maharashtra,Mumbai,2018,June,-0.096774194
B-25706,31,-11,4,Clothing,Stole,2018-07-01,Swetlana,Goa,Goa,2018,July,-0.35483871
B-25630,34,-22,4,Clothing,T-shirt,2018-04-24,Sahil,Punjab,Chandigarh,2018,April,-0.647058824
B-25652,34,-6,4,Clothing,Leggings,2018-05-08,Tushina,Goa,Goa,2018,May,-0.176470588
B-25818,36,0,4,Clothing,Kurti,2018-10-14,Sandeep,Madhya Pradesh,Indore,2018,October,0
B-25643,37,-23,4,Clothing,Shirt,2018-04-29,Kirti,Jammu and Kashmir,Kashmir,2018,April,-0.621621622
B-25647,42,-6,4,Clothing,Saree,2018-05-03,Sharda,Kerala ,Thiruvananthapuram,2018,May,-0.142857143
B-26000,43,9,4,Clothing,Skirt,2019-02-06,Shubham,Delhi,Delhi,2019,February,0.209302326
B-25985,44,11,4,Clothing,Stole,2019-01-31,Ginny,Madhya Pradesh,Indore,2019,January,0.25
B-25628,45,13,4,Clothing,Skirt,2018-04-24,Pooja,Bihar,Patna,2018,April,0.288888889
B-25673,45,-2,4,Clothing,Shirt,2018-05-28,Arsheen,Gujarat,Ahmedabad,2018,May,-0.044444444
B-25685,45,-2,4,Clothing,Shirt,2018-06-10,Sheetal,Madhya Pradesh,Indore,2018,June,-0.044444444
B-25852,45,12,4,Clothing,Hankerchief,2018-11-07,Soumyabrata,Andhra Pradesh,Hyderabad,2018,November,0.266666667
B-25955,45,8,4,Clothing,Skirt,2019-01-16,Soumya,Maharashtra,Pune,2019,January,0.177777778
B-25878,46,0,4,Clothing,Leggings,2018-11-24,Mrinal,Maharashtra,Mumbai,2018,November,0
B-25940,46,0,4,Clothing,Leggings,2019-01-06,Vivek,Goa,Goa,2019,January,0
B-25703,47,-27,4,Clothing,Saree,2018-06-28,Ekta,Madhya Pradesh,Indore,2018,June,-0.574468085
B-25799,47,-27,4,Clothing,Saree,2018-10-01,Divyansh,Gujarat,Ahmedabad,2018,October,-0.574468085
B-25943,48,20,4,Clothing,Stole,2019-01-09,Shardul,Gujarat,Ahmedabad,2019,January,0.416666667
B-26093,49,5,4,Clothing,Hankerchief,2019-03-27,Sarita,Maharashtra,Pune,2019,March,0.102040816
B-25607,50,15,4,Clothing,Leggings,2018-04-06,Sonakshi,Jammu and Kashmir,Kashmir,2018,April,0.3
B-25623,53,1,4,Clothing,Stole,2018-04-22,Atharv,West Bengal,Kolkata,2018,April,0.018867925
B-25710,53,-18,4,Clothing,T-shirt,2018-07-05,Megha,Maharashtra,Pune,2018,July,-0.339622642
B-26067,53,2,4,Clothing,Hankerchief,2019-03-16,Tulika,Madhya Pradesh,Bhopal,2019,March,0.037735849
B-26027,54,8,4,Clothing,T-shirt,2019-02-20,Sagar,Nagaland,Kohima,2019,February,0.148148148
B-26057,54,8,4,Clothing,T-shirt,2019-03-10,Sharda,Kerala ,Thiruvananthapuram,2019,March,0.148148148
B-26070,54,12,4,Clothing,Shirt,2019-03-18,Shruti,Karnataka,Bangalore,2019,March,0.222222222
B-25627,55,-39,4,Clothing,Stole,2018-04-23,Hitika,Madhya Pradesh,Indore,2018,April,-0.709090909
B-25648,55,-26,4,Clothing,Saree,2018-05-04,Aditya,Punjab,Chandigarh,2018,May,-0.472727273
B-25743,56,0,4,Clothing,Hankerchief,2018-08-07,Aman,Nagaland,Kohima,2018,August,0
B-26074,57,21,4,Clothing,Leggings,2019-03-21,Bharat,Gujarat,Ahmedabad,2019,March,0.368421053
B-25716,58,0,4,Clothing,Saree,2018-07-11,Surabhi,Tamil Nadu,Chennai,2018,July,0
B-26091,59,10,4,Clothing,Leggings,2019-03-27,Manju,Andhra Pradesh,Hyderabad,2019,March,0.169491525
B-25793,60,-12,4,Clothing,Hankerchief,2018-09-24,Siddharth,Madhya Pradesh,Indore,2018,September,-0.2
B-25821,60,21,4,Clothing,Stole,2018-10-16,Ajay,West Bengal,Kolkata,2018,October,0.35
B-25777,61,-25,4,Electronics,Accessories,2018-09-10,Aditi,Madhya Pradesh,Indore,2018,September,-0.409836066
B-25798,61,-50,4,Clothing,Hankerchief,2018-10-01,Shishu,Andhra Pradesh,Hyderabad,2018,October,-0.819672131
B-25936,61,25,4,Clothing,Saree,2019-01-05,Nikhil,Punjab,Chandigarh,2019,January,0.409836066
B-26018,61,8,4,Clothing,Hankerchief,2019-02-14,Aarushi,Tamil Nadu,Chennai,2019,February,0.131147541
B-26064,61,3,4,Clothing,Hankerchief,2019-03-16,Ankita,Maharashtra,Mumbai,2019,March,0.049180328
B-25886,63,1,4,Clothing,T-shirt,2018-11-28,Brijesh,Rajasthan,Udaipur,2018,November,0.015873016
B-25801,64,6,4,Clothing,Saree,2018-10-01,Aryan,Madhya Pradesh,Bhopal,2018,October,0.09375
B-25953,67,20,4,Clothing,T-shirt,2019-01-14,Krutika,Andhra Pradesh,Hyderabad,2019,January,0.298507463
B-26031,67,9,4,Clothing,Leggings,2019-02-22,Deepak,Madhya Pradesh,Bhopal,2019,February,0.134328358
B-26067,67,2,4,Clothing,T-shirt,2019-03-16,Tulika,Madhya Pradesh,Bhopal,2019,March,0.029850746
B-25777,69,-67,4,Clothing,Kurti,2018-09-10,Aditi,Madhya Pradesh,Indore,2018,September,-0.971014493
B-25932,71,-14,4,Furniture,Furnishings,2019-01-04,Bhutekar,Madhya Pradesh,Indore,2019,January,-0.197183099
B-25676,79,36,4,Clothing,Shirt,2018-06-01,Chandni,Rajasthan,Jaipur,2018,June,0.455696203
B-26081,79,33,4,Clothing,Stole,2019-03-22,Aarushi,Tamil Nadu,Chennai,2019,March,0.417721519
B-25601,80,-56,4,Electronics,Electronic Games,2018-04-01,Bharat,Gujarat,Ahmedabad,2018,April,-0.7
B-25845,82,33,4,Clothing,Kurti,2018-11-03,Snel,Kerala ,Thiruvananthapuram,2018,November,0.402439024
B-25773,85,-9,4,Clothing,Saree,2018-09-06,Shreya,Kerala ,Thiruvananthapuram,2018,September,-0.105882353
B-25645,86,0,4,Clothing,T-shirt,2018-05-01,Yaanvi,Madhya Pradesh,Indore,2018,May,0
B-25854,88,16,4,Clothing,Stole,2018-11-08,Shubham,Maharashtra,Pune,2018,November,0.181818182
B-25956,89,-37,4,Clothing,Shirt,2019-01-17,Shreya,Maharashtra,Mumbai,2019,January,-0.415730337
B-25754,93,-65,4,Clothing,Stole,2018-08-18,Akshay,Bihar,Patna,2018,August,-0.698924731
B-25999,93,-65,4,Clothing,Stole,2019-02-05,Diwakar,Delhi,Delhi,2019,February,-0.698924731
B-25853,95,11,4,Furniture,Furnishings,2018-11-08,Gaurav,Gujarat,Ahmedabad,2018,November,0.115789474
B-25703,97,-45,4,Clothing,Saree,2018-06-28,Ekta,Madhya Pradesh,Indore,2018,June,-0.463917526
B-25711,100,-58,4,Clothing,Hankerchief,2018-07-06,Sakshi,Madhya Pradesh,Bhopal,2018,July,-0.58
B-25864,100,6,4,Clothing,Stole,2018-11-15,Aromal,Maharashtra,Mumbai,2018,November,0.06
B-26052,101,16,4,Clothing,T-shirt,2019-03-08,Ajay,Karnataka,Bangalore,2019,March,0.158415842
B-25610,107,-54,4,Clothing,Stole,2018-04-09,Yogesh,Bihar,Patna,2018,April,-0.504672897
B-25985,108,26,4,Clothing,Shirt,2019-01-31,Ginny,Madhya Pradesh,Indore,2019,January,0.240740741
B-25655,110,-68,4,Clothing,Saree,2018-05-11,Nida,Madhya Pradesh,Indore,2018,May,-0.618181818
B-25970,111,9,4,Clothing,Stole,2019-01-22,Rhea,Maharashtra,Mumbai,2019,January,0.081081081
B-26040,113,24,4,Clothing,Hankerchief,2019-02-26,Sahil,Punjab,Chandigarh,2019,February,0.212389381
B-25889,114,11,4,Clothing,T-shirt,2018-12-03,Abhishek,Gujarat,Surat,2018,December,0.096491228
B-25603,116,16,4,Clothing,Stole,2018-04-03,Jahan,Madhya Pradesh,Bhopal,2018,April,0.137931034
B-25871,118,25,4,Clothing,Hankerchief,2018-11-21,Gunjal,Gujarat,Surat,2018,November,0.211864407
B-25967,119,-24,4,Furniture,Furnishings,2019-01-21,Komal,Uttar Pradesh,Allahabad,2019,January,-0.201680672
B-25862,121,41,4,Clothing,Stole,2018-11-15,Amol,Bihar,Patna,2018,November,0.338842975
B-25882,121,19,4,Clothing,Stole,2018-11-26,Masurkar,Punjab,Amritsar,2018,November,0.157024793
B-25891,121,41,4,Clothing,Stole,2018-12-04,Shivani,Madhya Pradesh,Indore,2018,December,0.338842975
B-25640,122,-47,4,Clothing,Saree,2018-04-27,Paridhi,Rajasthan,Jaipur,2018,April,-0.385245902
B-26073,122,11,4,Clothing,Hankerchief,2019-03-21,Pournamasi,Madhya Pradesh,Indore,2019,March,0.090163934
B-25811,126,52,4,Clothing,Hankerchief,2018-10-10,Utsav,Maharashtra,Mumbai,2018,October,0.412698413
B-26003,128,47,4,Clothing,Hankerchief,2019-02-08,Hitesh,Madhya Pradesh,Bhopal,2019,February,0.3671875
B-25648,130,-41,4,Clothing,Saree,2018-05-04,Aditya,Punjab,Chandigarh,2018,May,-0.315384615
B-25787,140,-58,4,Furniture,Furnishings,2018-09-20,Asish,Jammu and Kashmir,Kashmir,2018,September,-0.414285714
B-26096,140,56,4,Clothing,Shirt,2019-03-28,Atharv,West Bengal,Kolkata,2019,March,0.4
B-25748,141,10,4,Clothing,Shirt,2018-08-12,Nitant,Rajasthan,Jaipur,2018,August,0.070921986
B-25725,144,-7,4,Electronics,Electronic Games,2018-07-20,Anisha,Nagaland,Kohima,2018,July,-0.048611111
B-26052,148,23,4,Clothing,Kurti,2019-03-08,Ajay,Karnataka,Bangalore,2019,March,0.155405405
B-25623,149,-87,4,Clothing,Saree,2018-04-22,Atharv,West Bengal,Kolkata,2018,April,-0.583892617
B-26001,149,17,4,Furniture,Furnishings,2019-02-07,Patil,Delhi,Delhi,2019,February,0.11409396
B-25902,154,26,4,Electronics,Accessories,2018-12-10,Ishpreet,Maharashtra,Mumbai,2018,December,0.168831169
B-25713,158,-63,4,Furniture,Chairs,2018-07-08,Raksha,West Bengal,Kolkata,2018,July,-0.398734177
B-25867,163,26,4,Clothing,Shirt,2018-11-17,Ankit,Sikkim,Gangtok,2018,November,0.159509202
B-25665,166,-113,4,Electronics,Accessories,2018-05-21,Chayanika,Kerala ,Thiruvananthapuram,2018,May,-0.680722892
B-26050,169,55,4,Clothing,Saree,2019-03-06,Paridhi,Rajasthan,Jaipur,2019,March,0.325443787
B-25941,177,41,4,Clothing,Shirt,2019-01-07,Jaideep,Nagaland,Kohima,2019,January,0.231638418
B-25977,180,54,4,Clothing,T-shirt,2019-01-27,Aayushi,Gujarat,Surat,2019,January,0.3
B-25803,185,48,4,Clothing,Stole,2018-10-05,Shivanshu,Madhya Pradesh,Indore,2018,October,0.259459459
B-26043,185,48,4,Clothing,Stole,2019-03-01,Amit,Sikkim,Gangtok,2019,March,0.259459459
B-25730,187,30,4,Electronics,Accessories,2018-07-22,Rishabh,Rajasthan,Jaipur,2018,July,0.160427807
B-25954,189,60,4,Furniture,Furnishings,2019-01-14,Trupti,Gujarat,Ahmedabad,2019,January,0.317460317
B-25898,191,93,4,Clothing,Shirt,2018-12-07,Abhishek,Rajasthan,Udaipur,2018,December,0.486910995
B-25976,193,8,4,Clothing,T-shirt,2019-01-25,Piyam,Punjab,Amritsar,2019,January,0.041450777
B-25985,197,20,4,Clothing,Kurti,2019-01-31,Ginny,Madhya Pradesh,Indore,2019,January,0.101522843
B-25853,199,48,4,Clothing,Stole,2018-11-08,Gaurav,Gujarat,Ahmedabad,2018,November,0.24120603
B-25964,199,0,4,Clothing,Stole,2019-01-20,Oshin,Madhya Pradesh,Indore,2019,January,0
B-25651,200,-60,4,Furniture,Bookcases,2018-05-07,Anurag,Madhya Pradesh,Indore,2018,May,-0.3
B-25927,200,7,4,Electronics,Electronic Games,2018-12-31,Shreya,Uttar Pradesh,Lucknow,2018,December,0.035
B-25993,201,32,4,Furniture,Furnishings,2019-02-03,Harshal,Delhi,Delhi,2019,February,0.15920398
B-26016,202,4,4,Clothing,Hankerchief,2019-02-14,Hazel,Karnataka,Bangalore,2019,February,0.01980198
B-25903,204,94,4,Clothing,Hankerchief,2018-12-10,Amlan,Madhya Pradesh,Indore,2018,December,0.460784314
B-26008,206,51,4,Clothing,Hankerchief,2019-02-09,Kalyani,Tamil Nadu,Chennai,2019,February,0.247572816
B-26056,206,18,4,Clothing,Hankerchief,2019-03-10,Sonal,Bihar,Patna,2019,March,0.087378641
B-26099,207,37,4,Clothing,Hankerchief,2019-03-30,Bhishm,Maharashtra,Mumbai,2019,March,0.178743961
B-26084,209,-63,4,Electronics,Electronic Games,2019-03-25,Anita,Kerala ,Thiruvananthapuram,2019,March,-0.301435407
B-25808,210,50,4,Clothing,Hankerchief,2018-10-08,Apsingekar,Bihar,Patna,2018,October,0.238095238
B-26051,216,50,4,Clothing,Stole,2019-03-07,Parishi,West Bengal,Kolkata,2019,March,0.231481481
B-26030,221,35,4,Electronics,Accessories,2019-02-21,Sarita,Maharashtra,Pune,2019,February,0.158371041
B-26063,241,-77,4,Electronics,Electronic Games,2019-03-15,Farah,Nagaland,Kohima,2019,March,-0.319502075
B-25683,245,-3,4,Electronics,Phones,2018-06-08,Shreya,Kerala ,Thiruvananthapuram,2018,June,-0.012244898
B-25633,249,-130,4,Electronics,Phones,2018-04-26,Amit,Sikkim,Gangtok,2018,April,-0.522088353
B-25793,257,-252,4,Clothing,Saree,2018-09-24,Siddharth,Madhya Pradesh,Indore,2018,September,-0.980544747
B-25645,273,-87,4,Electronics,Phones,2018-05-01,Yaanvi,Madhya Pradesh,Indore,2018,May,-0.318681319
B-25845,274,-7,4,Electronics,Phones,2018-11-03,Snel,Kerala ,Thiruvananthapuram,2018,November,-0.025547445
B-25696,275,-275,4,Clothing,Saree,2018-06-21,Noopur,Karnataka,Bangalore,2018,June,-1
B-25876,282,14,4,Clothing,Trousers,2018-11-24,Bhosale,Punjab,Amritsar,2018,November,0.04964539
B-25657,288,-180,4,Furniture,Chairs,2018-05-13,Tulika,Madhya Pradesh,Bhopal,2018,May,-0.625
B-25728,322,-113,4,Clothing,Saree,2018-07-22,Ameesha,Maharashtra,Pune,2018,July,-0.350931677
B-25727,327,114,4,Clothing,Trousers,2018-07-22,Turumella,Madhya Pradesh,Indore,2018,July,0.348623853
B-25676,342,-103,4,Electronics,Electronic Games,2018-06-01,Chandni,Rajasthan,Jaipur,2018,June,-0.301169591
B-25664,444,-200,4,Electronics,Phones,2018-05-20,Pratyusmita,Bihar,Patna,2018,May,-0.45045045
B-26076,450,190,4,Furniture,Bookcases,2019-03-21,Jahan,Madhya Pradesh,Bhopal,2019,March,0.422222222
B-25651,457,-41,4,Clothing,Saree,2018-05-07,Anurag,Madhya Pradesh,Indore,2018,May,-0.089715536
B-25814,462,169,4,Clothing,Saree,2018-10-10,Swapnil,Madhya Pradesh,Indore,2018,October,0.365800866
B-25756,465,-33,4,Electronics,Phones,2018-08-20,Mohan,Maharashtra,Mumbai,2018,August,-0.070967742
B-25939,469,33,4,Electronics,Electronic Games,2019-01-05,Vineet,Sikkim,Gangtok,2019,January,0.070362473
B-25730,473,42,4,Furniture,Chairs,2018-07-22,Rishabh,Rajasthan,Jaipur,2018,July,0.088794926
B-25956,474,56,4,Electronics,Phones,2019-01-17,Shreya,Maharashtra,Mumbai,2019,January,0.11814346
B-25609,485,29,4,Electronics,Electronic Games,2018-04-09,Jitesh,Uttar Pradesh,Lucknow,2018,April,0.059793814
B-25850,485,199,4,Clothing,Saree,2018-11-05,Abhishek,Goa,Goa,2018,November,0.410309278
B-26050,487,143,4,Electronics,Phones,2019-03-06,Paridhi,Rajasthan,Jaipur,2019,March,0.293634497
B-25614,494,54,4,Furniture,Bookcases,2018-04-13,Vandana,Himachal Pradesh,Simla,2018,April,0.109311741
B-26003,498,-116,4,Clothing,Saree,2019-02-08,Hitesh,Madhya Pradesh,Bhopal,2019,February,-0.232931727
B-25898,499,33,4,Clothing,Saree,2018-12-07,Abhishek,Rajasthan,Udaipur,2018,December,0.066132265
B-25886,502,84,4,Electronics,Phones,2018-11-28,Brijesh,Rajasthan,Udaipur,2018,November,0.167330677
B-25667,516,69,4,Furniture,Bookcases,2018-05-23,Anjali,Haryana,Chandigarh,2018,May,0.13372093
B-25755,593,213,4,Furniture,Bookcases,2018-08-19,Shourya,Kerala ,Thiruvananthapuram,2018,August,0.359190556
B-25930,595,119,4,Furniture,Bookcases,2019-01-03,Monica,Punjab,Chandigarh,2019,January,0.2
B-26000,597,93,4,Furniture,Chairs,2019-02-06,Shubham,Delhi,Delhi,2019,February,0.155778894
B-25857,598,166,4,Furniture,Bookcases,2018-11-10,Anand,Madhya Pradesh,Indore,2018,November,0.277591973
B-26067,618,27,4,Furniture,Bookcases,2019-03-16,Tulika,Madhya Pradesh,Bhopal,2019,March,0.04368932
B-25806,632,-114,4,Furniture,Tables,2018-10-06,Dhanraj,Madhya Pradesh,Indore,2018,October,-0.180379747
B-25959,681,259,4,Furniture,Chairs,2019-01-18,Muskan,Madhya Pradesh,Indore,2019,January,0.380323054
B-25633,711,-8,4,Clothing,Saree,2018-04-26,Amit,Sikkim,Gangtok,2018,April,-0.011251758
B-25691,714,56,4,Clothing,Saree,2018-06-16,Akancha,Maharashtra,Mumbai,2018,June,0.078431373
B-25778,724,-447,4,Electronics,Electronic Games,2018-09-11,Surabhi,Maharashtra,Mumbai,2018,September,-0.617403315
B-25855,829,19,4,Electronics,Printers,2018-11-08,Abhijeet,Madhya Pradesh,Bhopal,2018,November,0.02291918
B-25852,869,67,4,Furniture,Tables,2018-11-07,Soumyabrata,Andhra Pradesh,Hyderabad,2018,November,0.077100115
B-25952,935,114,4,Electronics,Electronic Games,2019-01-13,Priyanka,Madhya Pradesh,Indore,2019,January,0.121925134
B-25797,976,293,4,Electronics,Accessories,2018-09-30,Sauptik,Madhya Pradesh,Indore,2018,September,0.300204918
B-25657,1021,-48,4,Electronics,Electronic Games,2018-05-13,Tulika,Madhya Pradesh,Bhopal,2018,May,-0.047012733
B-25728,1055,264,4,Electronics,Printers,2018-07-22,Ameesha,Maharashtra,Pune,2018,July,0.250236967
B-25978,1063,-175,4,Electronics,Electronic Games,2019-01-27,Parin,Maharashtra,Mumbai,2019,January,-0.16462841
B-25610,1076,-38,4,Electronics,Printers,2018-04-09,Yogesh,Bihar,Patna,2018,April,-0.035315985
B-25777,1076,-38,4,Electronics,Printers,2018-09-10,Aditi,Madhya Pradesh,Indore,2018,September,-0.035315985
B-26048,1104,209,4,Clothing,Trousers,2019-03-04,Parth,Maharashtra,Pune,2019,March,0.189311594
B-25772,1183,106,4,Electronics,Printers,2018-09-02,Sanjana,Bihar,Patna,2018,September,0.089602705
B-26073,1514,742,4,Electronics,Printers,2019-03-21,Pournamasi,Madhya Pradesh,Indore,2019,March,0.49009247
B-25729,1549,-439,4,Electronics,Phones,2018-07-22,Madhulika,Madhya Pradesh,Bhopal,2018,July,-0.283408651
B-25935,1657,460,4,Furniture,Chairs,2019-01-04,Sudhir,Nagaland,Kohima,2019,January,0.277610139
B-25881,2244,247,4,Clothing,Trousers,2018-11-25,Pooja,Uttar Pradesh,Allahabad,2018,November,0.110071301
B-25602,2617,1151,4,Electronics,Phones,2018-04-01,Pearl,Maharashtra,Pune,2018,April,0.439816584
B-25674,17,-12,5,Clothing,Skirt,2018-05-28,Mahima,Maharashtra,Pune,2018,May,-0.705882353
B-25897,24,11,5,Clothing,Hankerchief,2018-12-06,Rohan,Madhya Pradesh,Indore,2018,December,0.458333333
B-25652,25,-2,5,Clothing,Hankerchief,2018-05-08,Tushina,Goa,Goa,2018,May,-0.08
B-25802,27,-7,5,Clothing,Saree,2018-10-05,Yash,Maharashtra,Mumbai,2018,October,-0.259259259
B-25810,29,8,5,Clothing,Hankerchief,2018-10-10,Nripraj,Punjab,Chandigarh,2018,October,0.275862069
B-25656,30,-5,5,Clothing,Stole,2018-05-11,Priyanka,Maharashtra,Pune,2018,May,-0.166666667
B-25907,30,11,5,Clothing,Hankerchief,2018-12-11,Jaydeep,Madhya Pradesh,Bhopal,2018,December,0.366666667
B-25736,31,-7,5,Clothing,Skirt,2018-07-31,Akshat,Maharashtra,Mumbai,2018,July,-0.225806452
B-25657,32,-22,5,Clothing,Saree,2018-05-13,Tulika,Madhya Pradesh,Bhopal,2018,May,-0.6875
B-25703,32,-5,5,Clothing,Hankerchief,2018-06-28,Ekta,Madhya Pradesh,Indore,2018,June,-0.15625
B-25985,32,8,5,Clothing,Hankerchief,2019-01-31,Ginny,Madhya Pradesh,Indore,2019,January,0.25
B-25701,33,-12,5,Clothing,Hankerchief,2018-06-26,Maithilee,Madhya Pradesh,Indore,2018,June,-0.363636364
B-25699,34,-13,5,Clothing,Leggings,2018-06-24,Kritika,Uttar Pradesh,Lucknow,2018,June,-0.382352941
B-25757,34,-11,5,Clothing,T-shirt,2018-08-21,Mohit,Madhya Pradesh,Indore,2018,August,-0.323529412
B-25961,34,-12,5,Clothing,Leggings,2019-01-18,Surbhi,Gujarat,Ahmedabad,2019,January,-0.352941176
B-25973,39,14,5,Clothing,Leggings,2019-01-24,Seema,Uttar Pradesh,Allahabad,2019,January,0.358974359
B-25793,40,-33,5,Clothing,Hankerchief,2018-09-24,Siddharth,Madhya Pradesh,Indore,2018,September,-0.825
B-25667,41,6,5,Clothing,Skirt,2018-05-23,Anjali,Haryana,Chandigarh,2018,May,0.146341463
B-25754,41,-14,5,Clothing,Leggings,2018-08-18,Akshay,Bihar,Patna,2018,August,-0.341463415
B-26025,41,19,5,Clothing,Hankerchief,2019-02-19,Bhavna,Sikkim,Gangtok,2019,February,0.463414634
B-25616,42,12,5,Clothing,Hankerchief,2018-04-15,Kanak,Goa,Goa,2018,April,0.285714286
B-25673,44,-17,5,Clothing,Saree,2018-05-28,Arsheen,Gujarat,Ahmedabad,2018,May,-0.386363636
B-25757,46,14,5,Clothing,Skirt,2018-08-21,Mohit,Madhya Pradesh,Indore,2018,August,0.304347826
B-26098,46,14,5,Clothing,Skirt,2019-03-29,Pinky,Jammu and Kashmir,Kashmir,2019,March,0.304347826
B-25753,47,-114,5,Furniture,Furnishings,2018-08-17,Shivam,Uttar Pradesh,Lucknow,2018,August,-2.425531915
B-26032,47,15,5,Clothing,Saree,2019-02-22,Monisha,Rajasthan,Jaipur,2019,February,0.319148936
B-25998,50,-28,5,Furniture,Furnishings,2019-02-04,Anmol,Rajasthan,Udaipur,2019,February,-0.56
B-26030,50,25,5,Clothing,Stole,2019-02-21,Sarita,Maharashtra,Pune,2019,February,0.5
B-25835,52,11,5,Clothing,Leggings,2018-10-29,Moumita,Gujarat,Ahmedabad,2018,October,0.211538462
B-25850,52,18,5,Clothing,Leggings,2018-11-05,Abhishek,Goa,Goa,2018,November,0.346153846
B-26047,55,12,5,Clothing,Skirt,2019-03-04,Ashmi,Madhya Pradesh,Indore,2019,March,0.218181818
B-25926,57,6,5,Clothing,Leggings,2018-12-30,Dipali,Madhya Pradesh,Indore,2018,December,0.105263158
B-26008,57,24,5,Clothing,Leggings,2019-02-09,Kalyani,Tamil Nadu,Chennai,2019,February,0.421052632
B-25753,62,-56,5,Clothing,Kurti,2018-08-17,Shivam,Uttar Pradesh,Lucknow,2018,August,-0.903225806
B-25861,62,6,5,Clothing,Hankerchief,2018-11-15,Aayush,Uttar Pradesh,Lucknow,2018,November,0.096774194
B-26043,62,28,5,Clothing,Hankerchief,2019-03-01,Amit,Sikkim,Gangtok,2019,March,0.451612903
B-25833,64,27,5,Clothing,Hankerchief,2018-10-29,Krishna,Madhya Pradesh,Indore,2018,October,0.421875
B-25601,66,-12,5,Clothing,Stole,2018-04-01,Bharat,Gujarat,Ahmedabad,2018,April,-0.181818182
B-25610,68,-55,5,Electronics,Accessories,2018-04-09,Yogesh,Bihar,Patna,2018,April,-0.808823529
B-25615,68,20,5,Clothing,Hankerchief,2018-04-15,Bhavna,Sikkim,Gangtok,2018,April,0.294117647
B-25799,70,-64,5,Clothing,Stole,2018-10-01,Divyansh,Gujarat,Ahmedabad,2018,October,-0.914285714
B-25838,70,26,5,Clothing,Hankerchief,2018-10-29,Sanjana,Madhya Pradesh,Indore,2018,October,0.371428571
B-25921,71,-44,5,Electronics,Accessories,2018-12-25,Sandra,Punjab,Amritsar,2018,December,-0.61971831
B-25986,71,4,5,Clothing,Leggings,2019-01-31,Shweta,Rajasthan,Udaipur,2019,January,0.056338028
B-26064,75,2,5,Clothing,Leggings,2019-03-16,Ankita,Maharashtra,Mumbai,2019,March,0.026666667
B-25752,76,27,5,Clothing,Stole,2018-08-14,Vaibhav,Madhya Pradesh,Indore,2018,August,0.355263158
B-25755,80,-19,5,Clothing,Stole,2018-08-19,Shourya,Kerala ,Thiruvananthapuram,2018,August,-0.2375
B-26093,81,41,5,Clothing,Leggings,2019-03-27,Sarita,Maharashtra,Pune,2019,March,0.50617284
B-25693,82,-39,5,Clothing,T-shirt,2018-06-18,Parna,Madhya Pradesh,Bhopal,2018,June,-0.475609756
B-26039,83,34,5,Clothing,Shirt,2019-02-25,Hemant,Kerala ,Thiruvananthapuram,2019,February,0.409638554
B-25698,87,-83,5,Clothing,Kurti,2018-06-23,Amisha,Tamil Nadu,Chennai,2018,June,-0.954022989
B-25953,87,36,5,Clothing,Stole,2019-01-14,Krutika,Andhra Pradesh,Hyderabad,2019,January,0.413793103
B-25797,89,-4,5,Clothing,Saree,2018-09-30,Sauptik,Madhya Pradesh,Indore,2018,September,-0.04494382
B-25964,89,6,5,Clothing,Saree,2019-01-20,Oshin,Madhya Pradesh,Indore,2019,January,0.06741573
B-25851,90,29,5,Clothing,T-shirt,2018-11-06,Kushal,Nagaland,Kohima,2018,November,0.322222222
B-25730,96,22,5,Clothing,Stole,2018-07-22,Rishabh,Rajasthan,Jaipur,2018,July,0.229166667
B-26098,96,48,5,Clothing,Leggings,2019-03-29,Pinky,Jammu and Kashmir,Kashmir,2019,March,0.5
B-25852,105,33,5,Clothing,Kurti,2018-11-07,Soumyabrata,Andhra Pradesh,Hyderabad,2018,November,0.314285714
B-25753,107,31,5,Clothing,T-shirt,2018-08-17,Shivam,Uttar Pradesh,Lucknow,2018,August,0.289719626
B-25955,110,20,5,Clothing,Stole,2019-01-16,Soumya,Maharashtra,Pune,2019,January,0.181818182
B-26033,111,35,5,Clothing,Shirt,2019-02-22,Atharv,West Bengal,Kolkata,2019,February,0.315315315
B-25630,114,-39,5,Clothing,Kurti,2018-04-24,Sahil,Punjab,Chandigarh,2018,April,-0.342105263
B-25616,116,-56,5,Clothing,Stole,2018-04-15,Kanak,Goa,Goa,2018,April,-0.482758621
B-25764,119,43,5,Clothing,T-shirt,2018-08-28,Sanjova,Maharashtra,Pune,2018,August,0.361344538
B-25951,120,23,5,Clothing,Stole,2019-01-13,Jesal,West Bengal,Kolkata,2019,January,0.191666667
B-25874,124,54,5,Clothing,T-shirt,2018-11-24,Megha,Rajasthan,Udaipur,2018,November,0.435483871
B-25910,125,15,5,Clothing,Shirt,2018-12-14,Jay,Delhi,Delhi,2018,December,0.12
B-25700,129,-75,5,Clothing,Shirt,2018-06-25,Shubhi,Maharashtra,Mumbai,2018,June,-0.581395349
B-25745,132,-79,5,Furniture,Furnishings,2018-08-09,Kartik,Gujarat,Ahmedabad,2018,August,-0.598484848
B-25845,132,54,5,Clothing,Stole,2018-11-03,Snel,Kerala ,Thiruvananthapuram,2018,November,0.409090909
B-25630,133,12,5,Clothing,Stole,2018-04-24,Sahil,Punjab,Chandigarh,2018,April,0.090225564
B-25950,133,5,5,Clothing,Stole,2019-01-13,Shruti,Madhya Pradesh,Indore,2019,January,0.037593985
B-26076,133,46,5,Clothing,Shirt,2019-03-21,Jahan,Madhya Pradesh,Bhopal,2019,March,0.345864662
B-25851,135,54,5,Clothing,Kurti,2018-11-06,Kushal,Nagaland,Kohima,2018,November,0.4
B-25950,136,-33,5,Clothing,Saree,2019-01-13,Shruti,Madhya Pradesh,Indore,2019,January,-0.242647059
B-25803,137,5,5,Clothing,Shirt,2018-10-05,Shivanshu,Madhya Pradesh,Indore,2018,October,0.03649635
B-25943,137,38,5,Clothing,Hankerchief,2019-01-09,Shardul,Gujarat,Ahmedabad,2019,January,0.277372263
B-25717,138,-3,5,Clothing,Saree,2018-07-12,Manshul,Uttar Pradesh,Lucknow,2018,July,-0.02173913
B-26054,138,11,5,Clothing,Stole,2019-03-10,Mayank,Maharashtra,Mumbai,2019,March,0.079710145
B-25825,140,6,5,Clothing,Saree,2018-10-21,Kartik,Madhya Pradesh,Indore,2018,October,0.042857143
B-25878,140,15,5,Clothing,Stole,2018-11-24,Mrinal,Maharashtra,Mumbai,2018,November,0.107142857
B-25900,140,68,5,Clothing,T-shirt,2018-12-09,Anand,Punjab,Amritsar,2018,December,0.485714286
B-25673,143,-124,5,Clothing,Saree,2018-05-28,Arsheen,Gujarat,Ahmedabad,2018,May,-0.867132867
B-25743,143,-124,5,Clothing,Saree,2018-08-07,Aman,Nagaland,Kohima,2018,August,-0.867132867
B-25661,145,-104,5,Furniture,Chairs,2018-05-17,Subhashree,Jammu and Kashmir,Kashmir,2018,May,-0.717241379
B-25883,146,42,5,Clothing,Hankerchief,2018-11-27,Saptadeep,Gujarat,Surat,2018,November,0.287671233
B-26065,146,19,5,Clothing,Stole,2019-03-16,Nida,Madhya Pradesh,Indore,2019,March,0.130136986
B-25683,148,52,5,Clothing,Stole,2018-06-08,Shreya,Kerala ,Thiruvananthapuram,2018,June,0.351351351
B-25930,151,29,5,Clothing,Hankerchief,2019-01-03,Monica,Punjab,Chandigarh,2019,January,0.19205298
B-25999,152,-3,5,Clothing,Saree,2019-02-05,Diwakar,Delhi,Delhi,2019,February,-0.019736842
B-25804,156,36,5,Clothing,T-shirt,2018-10-05,Sudheer,Karnataka,Bangalore,2018,October,0.230769231
B-25921,170,19,5,Clothing,T-shirt,2018-12-25,Sandra,Punjab,Amritsar,2018,December,0.111764706
B-26010,176,-13,5,Furniture,Furnishings,2019-02-11,Kartikay,Bihar,Patna,2019,February,-0.073863636
B-26041,176,-28,5,Furniture,Furnishings,2019-02-27,Ritu,Haryana,Chandigarh,2019,February,-0.159090909
B-25908,179,25,5,Clothing,Kurti,2018-12-12,Pradeep,Delhi,Delhi,2018,December,0.139664804
B-25645,183,-66,5,Electronics,Phones,2018-05-01,Yaanvi,Madhya Pradesh,Indore,2018,May,-0.360655738
B-25721,191,51,5,Clothing,Shirt,2018-07-16,Anchal,Haryana,Chandigarh,2018,July,0.267015707
B-26068,193,33,5,Electronics,Accessories,2019-03-16,Shefali,Rajasthan,Jaipur,2019,March,0.170984456
B-25653,195,-117,5,Electronics,Phones,2018-05-08,Farah,Nagaland,Kohima,2018,May,-0.6
B-25994,196,-7,5,Electronics,Phones,2019-02-03,Omkar,Delhi,Delhi,2019,February,-0.035714286
B-25955,200,13,5,Electronics,Phones,2019-01-16,Soumya,Maharashtra,Pune,2019,January,0.065
B-25828,222,35,5,Clothing,Saree,2018-10-24,Nikita,Punjab,Chandigarh,2018,October,0.157657658
B-25999,222,74,5,Clothing,Hankerchief,2019-02-05,Diwakar,Delhi,Delhi,2019,February,0.333333333
B-26055,227,48,5,Clothing,Stole,2019-03-10,Yaanvi,Madhya Pradesh,Indore,2019,March,0.211453744
B-25621,233,-10,5,Electronics,Electronic Games,2018-04-20,Deepak,Madhya Pradesh,Bhopal,2018,April,-0.042918455
B-25796,239,-162,5,Furniture,Chairs,2018-09-24,Sukrith,Maharashtra,Mumbai,2018,September,-0.677824268
B-25918,244,122,5,Furniture,Furnishings,2018-12-22,Karandeep,Madhya Pradesh,Indore,2018,December,0.5
B-26054,246,98,5,Clothing,Hankerchief,2019-03-10,Mayank,Maharashtra,Mumbai,2019,March,0.398373984
B-25843,255,74,5,Clothing,Hankerchief,2018-11-03,Mrunal,Maharashtra,Mumbai,2018,November,0.290196078
B-25608,257,23,5,Clothing,Hankerchief,2018-04-08,Aarushi,Tamil Nadu,Chennai,2018,April,0.089494163
B-25812,259,47,5,Clothing,Hankerchief,2018-10-10,Kshitij,Madhya Pradesh,Indore,2018,October,0.181467181
B-25910,259,47,5,Clothing,Hankerchief,2018-12-14,Jay,Delhi,Delhi,2018,December,0.181467181
B-25837,263,50,5,Clothing,Stole,2018-10-29,Palak,Maharashtra,Mumbai,2018,October,0.190114068
B-25877,269,33,5,Furniture,Chairs,2018-11-24,Dashyam,Gujarat,Surat,2018,November,0.12267658
B-26002,276,52,5,Clothing,Saree,2019-02-08,Harsh,Delhi,Delhi,2019,February,0.188405797
B-26014,278,39,5,Furniture,Chairs,2019-02-13,Divsha,Rajasthan,Jaipur,2019,February,0.14028777
B-25617,305,-270,5,Electronics,Electronic Games,2018-04-17,Sagar,Nagaland,Kohima,2018,April,-0.885245902
B-25789,313,-13,5,Furniture,Bookcases,2018-09-22,Akshay,Uttar Pradesh,Lucknow,2018,September,-0.041533546
B-25754,319,-312,5,Clothing,Saree,2018-08-18,Akshay,Bihar,Patna,2018,August,-0.978056426
B-25755,321,-315,5,Clothing,Saree,2018-08-19,Shourya,Kerala ,Thiruvananthapuram,2018,August,-0.981308411
B-25697,322,-193,5,Electronics,Printers,2018-06-22,Vijay,Jammu and Kashmir,Kashmir,2018,June,-0.599378882
B-25760,322,-193,5,Electronics,Printers,2018-08-24,Pooja,Goa,Goa,2018,August,-0.599378882
B-25909,323,122,5,Electronics,Phones,2018-12-13,Sujay,Madhya Pradesh,Delhi,2018,December,0.377708978
B-25930,351,-94,5,Electronics,Electronic Games,2019-01-03,Monica,Punjab,Chandigarh,2019,January,-0.267806268
B-25688,352,-345,5,Clothing,Saree,2018-06-11,Swetha,Madhya Pradesh,Indore,2018,June,-0.980113636
B-25952,352,18,5,Clothing,Trousers,2019-01-13,Priyanka,Madhya Pradesh,Indore,2019,January,0.051136364
B-26081,359,-338,5,Furniture,Bookcases,2019-03-22,Aarushi,Tamil Nadu,Chennai,2019,March,-0.941504178
B-25687,387,-213,5,Clothing,Saree,2018-06-11,Sanjna,Maharashtra,Mumbai,2018,June,-0.550387597
B-25602,424,-272,5,Electronics,Phones,2018-04-01,Pearl,Maharashtra,Pune,2018,April,-0.641509434
B-26034,425,183,5,Electronics,Accessories,2019-02-23,Vini,Karnataka,Bangalore,2019,February,0.430588235
B-25650,512,-225,5,Clothing,Saree,2018-05-06,Chirag,Maharashtra,Mumbai,2018,May,-0.439453125
B-25855,550,242,5,Furniture,Furnishings,2018-11-08,Abhijeet,Madhya Pradesh,Bhopal,2018,November,0.44
B-25983,561,118,5,Furniture,Bookcases,2019-01-30,Atul,Delhi,Delhi,2019,January,0.210338681
B-26070,582,262,5,Furniture,Furnishings,2019-03-18,Shruti,Karnataka,Bangalore,2019,March,0.450171821
B-26051,600,102,5,Electronics,Electronic Games,2019-03-07,Parishi,West Bengal,Kolkata,2019,March,0.17
B-25625,635,-349,5,Clothing,Saree,2018-04-23,Pinky,Jammu and Kashmir,Kashmir,2018,April,-0.549606299
B-25636,637,113,5,Clothing,Saree,2018-04-26,Nishi,Maharashtra,Mumbai,2018,April,0.177394035
B-26081,637,50,5,Clothing,Saree,2019-03-22,Aarushi,Tamil Nadu,Chennai,2019,March,0.078492936
B-26061,642,180,5,Clothing,Saree,2019-03-14,Anurag,Madhya Pradesh,Indore,2019,March,0.280373832
B-25656,651,169,5,Electronics,Printers,2018-05-11,Priyanka,Maharashtra,Pune,2018,May,0.259600614
B-26097,663,-212,5,Electronics,Printers,2019-03-28,Vini,Karnataka,Bangalore,2019,March,-0.319758673
B-26051,669,74,5,Furniture,Bookcases,2019-03-07,Parishi,West Bengal,Kolkata,2019,March,0.110612855
B-25745,670,15,5,Furniture,Bookcases,2018-08-09,Kartik,Gujarat,Ahmedabad,2018,August,0.02238806
B-26097,671,-309,5,Electronics,Electronic Games,2019-03-28,Vini,Karnataka,Bangalore,2019,March,-0.460506706
B-26051,676,195,5,Furniture,Bookcases,2019-03-07,Parishi,West Bengal,Kolkata,2019,March,0.288461538
B-25856,689,90,5,Clothing,Saree,2018-11-10,Abhijeet,Maharashtra,Mumbai,2018,November,0.130624093
B-25708,709,-100,5,Electronics,Phones,2018-07-01,Kishwar,Madhya Pradesh,Indore,2018,July,-0.141043724
B-25756,729,-492,5,Furniture,Bookcases,2018-08-20,Mohan,Maharashtra,Mumbai,2018,August,-0.674897119
B-26057,736,346,5,Electronics,Printers,2019-03-10,Sharda,Kerala ,Thiruvananthapuram,2019,March,0.470108696
B-25878,741,267,5,Furniture,Bookcases,2018-11-24,Mrinal,Maharashtra,Mumbai,2018,November,0.360323887
B-25817,743,89,5,Electronics,Printers,2018-10-13,Praneet,Maharashtra,Mumbai,2018,October,0.119784657
B-25781,767,-353,5,Clothing,Trousers,2018-09-14,Rutuja,Gujarat,Ahmedabad,2018,September,-0.460234681
B-26099,835,267,5,Electronics,Phones,2019-03-30,Bhishm,Maharashtra,Mumbai,2019,March,0.319760479
B-25910,850,289,5,Electronics,Electronic Games,2018-12-14,Jay,Delhi,Delhi,2018,December,0.34
B-26093,852,51,5,Furniture,Bookcases,2019-03-27,Sarita,Maharashtra,Pune,2019,March,0.059859155
B-25981,867,251,5,Electronics,Phones,2019-01-28,Amruta,Delhi,Delhi,2019,January,0.289504037
B-25954,891,0,5,Clothing,Saree,2019-01-14,Trupti,Gujarat,Ahmedabad,2019,January,0
B-25825,911,355,5,Electronics,Phones,2018-10-21,Kartik,Madhya Pradesh,Indore,2018,October,0.389681668
B-25650,925,-447,5,Electronics,Electronic Games,2018-05-06,Chirag,Maharashtra,Mumbai,2018,May,-0.483243243
B-25778,933,166,5,Clothing,Saree,2018-09-11,Surabhi,Maharashtra,Mumbai,2018,September,0.177920686
B-25676,1263,-56,5,Clothing,Trousers,2018-06-01,Chandni,Rajasthan,Jaipur,2018,June,-0.044338876
B-26006,1301,573,5,Electronics,Accessories,2019-02-09,Arpita,Karnataka,Bangalore,2019,February,0.440430438
B-25855,1319,567,5,Electronics,Printers,2018-11-08,Abhijeet,Madhya Pradesh,Bhopal,2018,November,0.429871114
B-25603,1355,-60,5,Clothing,Trousers,2018-04-03,Jahan,Madhya Pradesh,Bhopal,2018,April,-0.044280443
B-25608,1364,-1864,5,Furniture,Tables,2018-04-08,Aarushi,Tamil Nadu,Chennai,2018,April,-1.366568915
B-26048,1461,202,5,Furniture,Tables,2019-03-04,Parth,Maharashtra,Pune,2019,March,0.138261465
B-25910,1622,-624,5,Furniture,Tables,2018-12-14,Jay,Delhi,Delhi,2018,December,-0.384710234
B-25950,1622,95,5,Electronics,Printers,2019-01-13,Shruti,Madhya Pradesh,Indore,2019,January,0.058569667
B-25797,1630,-802,5,Furniture,Tables,2018-09-30,Sauptik,Madhya Pradesh,Indore,2018,September,-0.49202454
B-25786,1854,433,5,Furniture,Bookcases,2018-09-19,Abhishek,Karnataka,Bangalore,2018,September,0.233549083
B-25862,2061,701,5,Furniture,Bookcases,2018-11-15,Amol,Bihar,Patna,2018,November,0.340126152
B-25853,2093,721,5,Furniture,Chairs,2018-11-08,Gaurav,Gujarat,Ahmedabad,2018,November,0.344481605
B-25881,2115,23,5,Furniture,Chairs,2018-11-25,Pooja,Uttar Pradesh,Allahabad,2018,November,0.010874704
B-25761,2188,1050,5,Furniture,Bookcases,2018-08-25,Surabhi,Maharashtra,Mumbai,2018,August,0.479890311
B-26099,2366,552,5,Clothing,Trousers,2019-03-30,Bhishm,Maharashtra,Mumbai,2019,March,0.233305156
B-25993,4363,305,5,Furniture,Tables,2019-02-03,Harshal,Delhi,Delhi,2019,February,0.069906028
B-25759,20,-9,6,Clothing,Hankerchief,2018-08-23,Soumya,Sikkim,Gangtok,2018,August,-0.45
B-25693,32,-16,6,Clothing,Saree,2018-06-18,Parna,Madhya Pradesh,Bhopal,2018,June,-0.5
B-25783,33,-10,6,Clothing,Leggings,2018-09-15,Shivangi,Madhya Pradesh,Indore,2018,September,-0.303030303
B-25853,39,16,6,Clothing,Skirt,2018-11-08,Gaurav,Gujarat,Ahmedabad,2018,November,0.41025641
B-25830,41,11,6,Clothing,Hankerchief,2018-10-26,Aastha,Himachal Pradesh,Simla,2018,October,0.268292683
B-25843,50,7,6,Clothing,Skirt,2018-11-03,Mrunal,Maharashtra,Mumbai,2018,November,0.14
B-25983,50,-4,6,Clothing,T-shirt,2019-01-30,Atul,Delhi,Delhi,2019,January,-0.08
B-26001,50,9,6,Clothing,Skirt,2019-02-07,Patil,Delhi,Delhi,2019,February,0.18
B-25851,53,24,6,Clothing,Hankerchief,2018-11-06,Kushal,Nagaland,Kohima,2018,November,0.452830189
B-25727,57,-48,6,Clothing,Leggings,2018-07-22,Turumella,Madhya Pradesh,Indore,2018,July,-0.842105263
B-26089,59,24,6,Clothing,Kurti,2019-03-26,Kanak,Goa,Goa,2019,March,0.406779661
B-25996,62,6,6,Clothing,Skirt,2019-02-04,Prashant,Delhi,Delhi,2019,February,0.096774194
B-25793,63,-24,6,Clothing,Kurti,2018-09-24,Siddharth,Madhya Pradesh,Indore,2018,September,-0.380952381
B-25808,63,17,6,Clothing,Leggings,2018-10-08,Apsingekar,Bihar,Patna,2018,October,0.26984127
B-25751,65,-4,6,Clothing,Hankerchief,2018-08-14,Nishant,Maharashtra,Mumbai,2018,August,-0.061538462
B-26052,78,28,6,Clothing,Kurti,2019-03-08,Ajay,Karnataka,Bangalore,2019,March,0.358974359
B-26043,79,5,6,Clothing,Hankerchief,2019-03-01,Amit,Sikkim,Gangtok,2019,March,0.063291139
B-25959,82,24,6,Clothing,Hankerchief,2019-01-18,Muskan,Madhya Pradesh,Indore,2019,January,0.292682927
B-25887,83,6,6,Clothing,Shirt,2018-12-01,Vedant,Uttar Pradesh,Allahabad,2018,December,0.072289157
B-26053,85,2,6,Clothing,Stole,2019-03-09,Kirti,Jammu and Kashmir,Kashmir,2019,March,0.023529412
B-25683,86,-55,6,Clothing,Saree,2018-06-08,Shreya,Kerala ,Thiruvananthapuram,2018,June,-0.639534884
B-25752,91,15,6,Clothing,T-shirt,2018-08-14,Vaibhav,Madhya Pradesh,Indore,2018,August,0.164835165
B-26030,92,5,6,Clothing,Hankerchief,2019-02-21,Sarita,Maharashtra,Pune,2019,February,0.054347826
B-25912,102,11,6,Clothing,T-shirt,2018-12-16,Preksha,Delhi,Delhi,2018,December,0.107843137
B-25934,105,33,6,Clothing,Saree,2019-01-04,Rahul,Madhya Pradesh,Indore,2019,January,0.314285714
B-25603,107,36,6,Clothing,Stole,2018-04-03,Jahan,Madhya Pradesh,Bhopal,2018,April,0.336448598
B-25778,109,-6,6,Clothing,Saree,2018-09-11,Surabhi,Maharashtra,Mumbai,2018,September,-0.055045872
B-26080,109,35,6,Clothing,T-shirt,2019-03-22,Sonakshi,Jammu and Kashmir,Kashmir,2019,March,0.321100917
B-26003,114,41,6,Furniture,Furnishings,2019-02-08,Hitesh,Madhya Pradesh,Bhopal,2019,February,0.359649123
B-25825,115,25,6,Clothing,Stole,2018-10-21,Kartik,Madhya Pradesh,Indore,2018,October,0.217391304
B-25777,117,17,6,Clothing,Kurti,2018-09-10,Aditi,Madhya Pradesh,Indore,2018,September,0.145299145
B-26064,122,38,6,Clothing,T-shirt,2019-03-16,Ankita,Maharashtra,Mumbai,2019,March,0.31147541
B-25854,149,48,6,Clothing,Stole,2018-11-08,Shubham,Maharashtra,Pune,2018,November,0.322147651
B-25905,152,50,6,Clothing,Stole,2018-12-11,Bhargav,Madhya Pradesh,Delhi,2018,December,0.328947368
B-26094,152,50,6,Clothing,Stole,2019-03-27,Deepak,Madhya Pradesh,Bhopal,2019,March,0.328947368
B-26024,168,18,6,Clothing,Stole,2019-02-19,Vandana,Himachal Pradesh,Simla,2019,February,0.107142857
B-25969,171,17,6,Clothing,T-shirt,2019-01-21,Shreyshi,Gujarat,Surat,2019,January,0.099415205
B-25794,176,37,6,Electronics,Accessories,2018-09-24,Aditya,Himachal Pradesh,Simla,2018,September,0.210227273
B-26051,184,85,6,Clothing,T-shirt,2019-03-07,Parishi,West Bengal,Kolkata,2019,March,0.461956522
B-26097,185,-26,6,Furniture,Chairs,2019-03-28,Vini,Karnataka,Bangalore,2019,March,-0.140540541
B-25710,216,-38,6,Furniture,Furnishings,2018-07-05,Megha,Maharashtra,Pune,2018,July,-0.175925926
B-25867,240,12,6,Clothing,Kurti,2018-11-17,Ankit,Sikkim,Gangtok,2018,November,0.05
B-25950,261,13,6,Clothing,Shirt,2019-01-13,Shruti,Madhya Pradesh,Indore,2019,January,0.049808429
B-25840,262,64,6,Clothing,Saree,2018-10-31,Sneha,Karnataka,Bangalore,2018,October,0.244274809
B-26050,284,44,6,Clothing,Hankerchief,2019-03-06,Paridhi,Rajasthan,Jaipur,2019,March,0.154929577
B-25996,286,140,6,Clothing,Shirt,2019-02-04,Prashant,Delhi,Delhi,2019,February,0.48951049
B-25896,287,66,6,Clothing,Kurti,2018-12-05,Aman,Maharashtra,Mumbai,2018,December,0.229965157
B-25947,290,35,6,Clothing,Hankerchief,2019-01-13,Chetan,Gujarat,Ahmedabad,2019,January,0.120689655
B-25987,299,0,6,Clothing,Stole,2019-01-31,Manjiri,Delhi,Delhi,2019,January,0
B-26045,302,75,6,Furniture,Furnishings,2019-03-03,Nidhi,Nagaland,Kohima,2019,March,0.248344371
B-25984,304,97,6,Clothing,Stole,2019-01-30,Kajal,Delhi,Delhi,2019,January,0.319078947
B-26020,319,102,6,Electronics,Accessories,2019-02-16,Yogesh,Bihar,Patna,2019,February,0.319749216
B-25657,332,-43,6,Electronics,Phones,2018-05-13,Tulika,Madhya Pradesh,Bhopal,2018,May,-0.129518072
B-25753,341,-85,6,Clothing,Trousers,2018-08-17,Shivam,Uttar Pradesh,Lucknow,2018,August,-0.249266862
B-25744,373,-254,6,Electronics,Printers,2018-08-08,Devendra,Andhra Pradesh,Hyderabad,2018,August,-0.680965147
B-26056,391,90,6,Electronics,Phones,2019-03-10,Sonal,Bihar,Patna,2019,March,0.230179028
B-26048,401,13,6,Furniture,Chairs,2019-03-04,Parth,Maharashtra,Pune,2019,March,0.032418953
B-25933,412,-412,6,Clothing,Saree,2019-01-04,Shikhar,Maharashtra,Mumbai,2019,January,-1
B-25966,510,234,6,Electronics,Electronic Games,2019-01-21,Soumya,Rajasthan,Udaipur,2019,January,0.458823529
B-25753,620,82,6,Electronics,Accessories,2018-08-17,Shivam,Uttar Pradesh,Lucknow,2018,August,0.132258065
B-25693,632,-316,6,Clothing,Saree,2018-06-18,Parna,Madhya Pradesh,Bhopal,2018,June,-0.5
B-25796,632,-316,6,Clothing,Saree,2018-09-24,Sukrith,Maharashtra,Mumbai,2018,September,-0.5
B-25848,648,50,6,Electronics,Electronic Games,2018-11-03,Rohan,Himachal Pradesh,Simla,2018,November,0.077160494
B-26003,652,13,6,Furniture,Furnishings,2019-02-08,Hitesh,Madhya Pradesh,Bhopal,2019,February,0.01993865
B-25893,688,103,6,Electronics,Accessories,2018-12-04,Aashna,Uttar Pradesh,Allahabad,2018,December,0.149709302
B-25831,693,254,6,Clothing,Saree,2018-10-27,Mahima,Sikkim,Gangtok,2018,October,0.366522367
B-25878,719,303,6,Furniture,Chairs,2018-11-24,Mrinal,Maharashtra,Mumbai,2018,November,0.421418637
B-25897,734,213,6,Electronics,Electronic Games,2018-12-06,Rohan,Madhya Pradesh,Indore,2018,December,0.290190736
B-25752,735,-235,6,Electronics,Printers,2018-08-14,Vaibhav,Madhya Pradesh,Indore,2018,August,-0.319727891
B-25953,744,119,6,Electronics,Printers,2019-01-14,Krutika,Andhra Pradesh,Hyderabad,2019,January,0.159946237
B-26086,762,101,6,Electronics,Printers,2019-03-26,Mukesh,Haryana,Chandigarh,2019,March,0.132545932
B-25803,765,8,6,Clothing,Saree,2018-10-05,Shivanshu,Madhya Pradesh,Indore,2018,October,0.010457516
B-25610,781,-594,6,Electronics,Printers,2018-04-09,Yogesh,Bihar,Patna,2018,April,-0.76056338
B-25608,856,385,6,Electronics,Printers,2018-04-08,Aarushi,Tamil Nadu,Chennai,2018,April,0.449766355
B-25738,1069,0,6,Clothing,Saree,2018-08-02,Ayush,Punjab,Chandigarh,2018,August,0
B-25810,1120,199,6,Clothing,Saree,2018-10-10,Nripraj,Punjab,Chandigarh,2018,October,0.177678571
B-26067,1120,199,6,Clothing,Saree,2019-03-16,Tulika,Madhya Pradesh,Bhopal,2019,March,0.177678571
B-25881,1351,111,6,Electronics,Electronic Games,2018-11-25,Pooja,Uttar Pradesh,Allahabad,2018,November,0.082161362
B-25778,1506,-266,6,Electronics,Printers,2018-09-11,Surabhi,Maharashtra,Mumbai,2018,September,-0.176626826
B-25943,1547,340,6,Electronics,Accessories,2019-01-09,Shardul,Gujarat,Ahmedabad,2019,January,0.21978022
B-25768,1582,-443,6,Clothing,Trousers,2018-09-01,Shreyoshe,Karnataka,Bangalore,2018,September,-0.280025284
B-25919,1599,37,6,Electronics,Electronic Games,2018-12-23,Neha,Rajasthan,Udaipur,2018,December,0.023139462
B-25686,1829,-56,6,Furniture,Tables,2018-06-11,Pooja,Himachal Pradesh,Simla,2018,June,-0.030617824
B-25887,2125,234,6,Electronics,Printers,2018-12-01,Vedant,Uttar Pradesh,Allahabad,2018,December,0.110117647
B-25923,3873,891,6,Electronics,Phones,2018-12-27,Vishakha,Maharashtra,Mumbai,2018,December,0.230054222
B-25725,23,-5,7,Clothing,Hankerchief,2018-07-20,Anisha,Nagaland,Kohima,2018,July,-0.217391304
B-25652,24,-21,7,Clothing,Skirt,2018-05-08,Tushina,Goa,Goa,2018,May,-0.875
B-25721,29,-18,7,Clothing,Skirt,2018-07-16,Anchal,Haryana,Chandigarh,2018,July,-0.620689655
B-25709,33,-12,7,Clothing,Saree,2018-07-01,Aakanksha,Madhya Pradesh,Indore,2018,July,-0.363636364
B-25733,43,-43,7,Clothing,Stole,2018-07-28,Dhirajendu,Maharashtra,Mumbai,2018,July,-1
B-25800,45,12,7,Clothing,Hankerchief,2018-10-01,Ishit,Maharashtra,Pune,2018,October,0.266666667
B-26056,47,20,7,Clothing,Hankerchief,2019-03-10,Sonal,Bihar,Patna,2019,March,0.425531915
B-25777,59,-46,7,Clothing,T-shirt,2018-09-10,Aditi,Madhya Pradesh,Indore,2018,September,-0.779661017
B-26077,62,11,7,Clothing,Hankerchief,2019-03-22,Divsha,Rajasthan,Jaipur,2019,March,0.177419355
B-25754,72,-46,7,Clothing,Kurti,2018-08-18,Akshay,Bihar,Patna,2018,August,-0.638888889
B-25605,75,0,7,Clothing,Saree,2018-04-05,Kasheen,West Bengal,Kolkata,2018,April,0
B-25796,78,-64,7,Clothing,Stole,2018-09-24,Sukrith,Maharashtra,Mumbai,2018,September,-0.820512821
B-25902,79,6,7,Clothing,Saree,2018-12-10,Ishpreet,Maharashtra,Mumbai,2018,December,0.075949367
B-25708,81,-51,7,Clothing,Stole,2018-07-01,Kishwar,Madhya Pradesh,Indore,2018,July,-0.62962963
B-25838,81,19,7,Clothing,Hankerchief,2018-10-29,Sanjana,Madhya Pradesh,Indore,2018,October,0.234567901
B-25987,88,11,7,Clothing,Hankerchief,2019-01-31,Manjiri,Delhi,Delhi,2019,January,0.125
B-25846,94,7,7,Clothing,Leggings,2018-11-03,Soodesh,Punjab,Chandigarh,2018,November,0.074468085
B-25891,97,36,7,Clothing,Hankerchief,2018-12-04,Shivani,Madhya Pradesh,Indore,2018,December,0.371134021
B-25913,103,21,7,Clothing,Stole,2018-12-17,Geetanjali,Madhya Pradesh,Delhi,2018,December,0.203883495
B-25757,106,15,7,Clothing,Hankerchief,2018-08-21,Mohit,Madhya Pradesh,Indore,2018,August,0.141509434
B-25919,110,12,7,Clothing,Stole,2018-12-23,Neha,Rajasthan,Udaipur,2018,December,0.109090909
B-25814,118,35,7,Clothing,T-shirt,2018-10-10,Swapnil,Madhya Pradesh,Indore,2018,October,0.296610169
B-25889,119,43,7,Clothing,Kurti,2018-12-03,Abhishek,Gujarat,Surat,2018,December,0.361344538
B-26087,119,56,7,Clothing,Saree,2019-03-26,Vandana,Himachal Pradesh,Simla,2019,March,0.470588235
B-26021,122,59,7,Furniture,Furnishings,2019-02-17,Anita,Kerala ,Thiruvananthapuram,2019,February,0.483606557
B-26043,122,50,7,Clothing,Stole,2019-03-01,Amit,Sikkim,Gangtok,2019,March,0.409836066
B-25692,141,28,7,Furniture,Furnishings,2018-06-17,Rashmi,Madhya Pradesh,Indore,2018,June,0.19858156
B-26002,141,7,7,Clothing,Saree,2019-02-08,Harsh,Delhi,Delhi,2019,February,0.04964539
B-25659,148,72,7,Clothing,T-shirt,2018-05-15,Sanskriti,West Bengal,Kolkata,2018,May,0.486486486
B-25753,154,22,7,Clothing,T-shirt,2018-08-17,Shivam,Uttar Pradesh,Lucknow,2018,August,0.142857143
B-25694,167,43,7,Clothing,T-shirt,2018-06-18,Subhasmita,Rajasthan,Jaipur,2018,June,0.25748503
B-26037,171,68,7,Clothing,Stole,2019-02-23,Hitika,Madhya Pradesh,Indore,2019,February,0.397660819
B-25991,188,13,7,Clothing,Shirt,2019-02-03,Mansi,Madhya Pradesh,Indore,2019,February,0.069148936
B-25863,189,87,7,Clothing,Stole,2018-11-15,Manibalan,Kerala ,Thiruvananthapuram,2018,November,0.46031746
B-26058,212,97,7,Clothing,Hankerchief,2019-03-11,Aditya,Punjab,Chandigarh,2019,March,0.45754717
B-25993,221,26,7,Furniture,Furnishings,2019-02-03,Harshal,Delhi,Delhi,2019,February,0.117647059
B-25893,223,62,7,Clothing,Shirt,2018-12-04,Aashna,Uttar Pradesh,Allahabad,2018,December,0.278026906
B-25999,223,62,7,Clothing,Shirt,2019-02-05,Diwakar,Delhi,Delhi,2019,February,0.278026906
B-25858,294,109,7,Electronics,Accessories,2018-11-13,Swapnil,Maharashtra,Mumbai,2018,November,0.370748299
B-25655,312,-312,7,Furniture,Chairs,2018-05-11,Nida,Madhya Pradesh,Indore,2018,May,-1
B-26050,325,32,7,Clothing,T-shirt,2019-03-06,Paridhi,Rajasthan,Jaipur,2019,March,0.098461538
B-25782,335,-22,7,Furniture,Chairs,2018-09-15,Aayushi,Maharashtra,Mumbai,2018,September,-0.065671642
B-25989,338,41,7,Clothing,Hankerchief,2019-02-01,Anjali,Delhi,Delhi,2019,February,0.121301775
B-25714,340,20,7,Clothing,Shirt,2018-07-09,Stuti,Karnataka,Bangalore,2018,July,0.058823529
B-25978,341,160,7,Clothing,Stole,2019-01-27,Parin,Maharashtra,Mumbai,2019,January,0.469208211
B-26036,341,44,7,Furniture,Furnishings,2019-02-23,Bhishm,Maharashtra,Mumbai,2019,February,0.129032258
B-25854,342,154,7,Furniture,Furnishings,2018-11-08,Shubham,Maharashtra,Pune,2018,November,0.450292398
B-25829,345,38,7,Clothing,Hankerchief,2018-10-25,Apoorva,Haryana,Chandigarh,2018,October,0.110144928
B-25885,349,0,7,Clothing,Stole,2018-11-28,Shatayu,Madhya Pradesh,Indore,2018,November,0
B-25893,355,114,7,Clothing,Stole,2018-12-04,Aashna,Uttar Pradesh,Allahabad,2018,December,0.321126761
B-26045,376,0,7,Clothing,Stole,2019-03-03,Nidhi,Nagaland,Kohima,2019,March,0
B-26014,406,97,7,Furniture,Chairs,2019-02-13,Divsha,Rajasthan,Jaipur,2019,February,0.238916256
B-25761,418,70,7,Electronics,Phones,2018-08-25,Surabhi,Maharashtra,Mumbai,2018,August,0.167464115
B-26053,425,208,7,Clothing,Saree,2019-03-09,Kirti,Jammu and Kashmir,Kashmir,2019,March,0.489411765
B-25653,427,-50,7,Electronics,Phones,2018-05-08,Farah,Nagaland,Kohima,2018,May,-0.117096019
B-25741,482,-6,7,Electronics,Electronic Games,2018-08-03,Navdeep,Madhya Pradesh,Indore,2018,August,-0.012448133
B-25681,523,204,7,Clothing,Trousers,2018-06-04,Bhawna,Madhya Pradesh,Indore,2018,June,0.390057361
B-25750,539,-146,7,Furniture,Furnishings,2018-08-14,Priyanshu,Madhya Pradesh,Indore,2018,August,-0.270871985
B-25787,556,-209,7,Clothing,Saree,2018-09-20,Asish,Jammu and Kashmir,Kashmir,2018,September,-0.375899281
B-25791,565,66,7,Clothing,Saree,2018-09-24,Avish,Kerala ,Thiruvananthapuram,2018,September,0.116814159
B-25781,584,-444,7,Electronics,Printers,2018-09-14,Rutuja,Gujarat,Ahmedabad,2018,September,-0.760273973
B-25710,616,-69,7,Furniture,Furnishings,2018-07-05,Megha,Maharashtra,Pune,2018,July,-0.112012987
B-25910,685,7,7,Clothing,Trousers,2018-12-14,Jay,Delhi,Delhi,2018,December,0.010218978
B-25986,749,307,7,Furniture,Furnishings,2019-01-31,Shweta,Rajasthan,Udaipur,2019,January,0.40987984
B-25902,802,120,7,Electronics,Accessories,2018-12-10,Ishpreet,Maharashtra,Mumbai,2018,December,0.149625935
B-25968,811,154,7,Electronics,Accessories,2019-01-21,Paromita,Punjab,Amritsar,2019,January,0.189889026
B-25651,823,-18,7,Furniture,Chairs,2018-05-07,Anurag,Madhya Pradesh,Indore,2018,May,-0.021871203
B-25870,845,84,7,Clothing,Saree,2018-11-20,Pranav,Andhra Pradesh,Hyderabad,2018,November,0.099408284
B-25813,911,202,7,Furniture,Chairs,2018-10-10,Hrisheekesh,Maharashtra,Mumbai,2018,October,0.221734358
B-25666,934,-916,7,Electronics,Electronic Games,2018-05-22,Tanvi,Punjab,Chandigarh,2018,May,-0.980728051
B-25919,977,244,7,Electronics,Phones,2018-12-23,Neha,Rajasthan,Udaipur,2018,December,0.249744115
B-25830,1063,64,7,Electronics,Phones,2018-10-26,Aastha,Himachal Pradesh,Simla,2018,October,0.060206961
B-25681,1096,-658,7,Electronics,Electronic Games,2018-06-04,Bhawna,Madhya Pradesh,Indore,2018,June,-0.600364964
B-26067,1137,-14,7,Electronics,Printers,2019-03-16,Tulika,Madhya Pradesh,Bhopal,2019,March,-0.012313105
B-25839,1250,486,7,Clothing,Saree,2018-10-30,Pranjali,West Bengal,Kolkata,2018,October,0.3888
B-25601,1275,-1148,7,Furniture,Bookcases,2018-04-01,Bharat,Gujarat,Ahmedabad,2018,April,-0.900392157
B-25762,1316,-527,7,Electronics,Electronic Games,2018-08-26,Anudeep,Madhya Pradesh,Indore,2018,August,-0.400455927
B-26051,1337,147,7,Electronics,Printers,2019-03-07,Parishi,West Bengal,Kolkata,2019,March,0.109947644
B-25656,1389,680,7,Clothing,Saree,2018-05-11,Priyanka,Maharashtra,Pune,2018,May,0.489560835
B-25955,1716,309,7,Electronics,Accessories,2019-01-16,Soumya,Maharashtra,Pune,2019,January,0.18006993
B-25997,2292,127,7,Furniture,Bookcases,2019-02-04,Yogesh,Madhya Pradesh,Indore,2019,February,0.055410122
B-25969,2452,191,7,Furniture,Bookcases,2019-01-21,Shreyshi,Gujarat,Surat,2019,January,0.077895595
B-25757,3151,-35,7,Clothing,Trousers,2018-08-21,Mohit,Madhya Pradesh,Indore,2018,August,-0.011107585
B-26046,32,3,8,Clothing,Hankerchief,2019-03-04,Nishi,Maharashtra,Mumbai,2019,March,0.09375
B-25722,48,-8,8,Clothing,Stole,2018-07-17,Inderpreet,Himachal Pradesh,Simla,2018,July,-0.166666667
B-25781,60,-49,8,Clothing,Hankerchief,2018-09-14,Rutuja,Gujarat,Ahmedabad,2018,September,-0.816666667
B-25830,71,0,8,Clothing,Skirt,2018-10-26,Aastha,Himachal Pradesh,Simla,2018,October,0
B-25655,74,23,8,Clothing,Skirt,2018-05-11,Nida,Madhya Pradesh,Indore,2018,May,0.310810811
B-25644,76,-92,8,Furniture,Furnishings,2018-04-30,Mayank,Maharashtra,Mumbai,2018,April,-1.210526316
B-25753,77,-43,8,Clothing,Stole,2018-08-17,Shivam,Uttar Pradesh,Lucknow,2018,August,-0.558441558
B-25883,105,26,8,Clothing,Leggings,2018-11-27,Saptadeep,Gujarat,Surat,2018,November,0.247619048
B-25602,119,-5,8,Clothing,Saree,2018-04-01,Pearl,Maharashtra,Pune,2018,April,-0.042016807
B-25731,131,-154,8,Furniture,Furnishings,2018-07-26,Akash,West Bengal,Kolkata,2018,July,-1.175572519
B-25983,161,-229,8,Furniture,Furnishings,2019-01-30,Atul,Delhi,Delhi,2019,January,-1.422360248
B-26087,180,0,8,Clothing,Stole,2019-03-26,Vandana,Himachal Pradesh,Simla,2019,March,0
B-25896,190,68,8,Clothing,T-shirt,2018-12-05,Aman,Maharashtra,Mumbai,2018,December,0.357894737
B-25708,191,13,8,Furniture,Furnishings,2018-07-01,Kishwar,Madhya Pradesh,Indore,2018,July,0.068062827
B-25757,211,19,8,Clothing,Stole,2018-08-21,Mohit,Madhya Pradesh,Indore,2018,August,0.090047393
B-25653,227,102,8,Electronics,Accessories,2018-05-08,Farah,Nagaland,Kohima,2018,May,0.449339207
B-25787,229,-41,8,Electronics,Accessories,2018-09-20,Asish,Jammu and Kashmir,Kashmir,2018,September,-0.179039301
B-25857,324,39,8,Electronics,Accessories,2018-11-10,Anand,Madhya Pradesh,Indore,2018,November,0.12037037
B-25650,351,-47,8,Electronics,Phones,2018-05-06,Chirag,Maharashtra,Mumbai,2018,May,-0.133903134
B-25999,352,74,8,Clothing,Stole,2019-02-05,Diwakar,Delhi,Delhi,2019,February,0.210227273
B-25619,353,90,8,Clothing,Saree,2018-04-18,Ramesh,Gujarat,Ahmedabad,2018,April,0.254957507
B-25816,391,113,8,Clothing,Stole,2018-10-12,Mane,Andhra Pradesh,Hyderabad,2018,October,0.289002558
B-25973,398,111,8,Clothing,Hankerchief,2019-01-24,Seema,Uttar Pradesh,Allahabad,2019,January,0.278894472
B-25903,455,77,8,Electronics,Accessories,2018-12-10,Amlan,Madhya Pradesh,Indore,2018,December,0.169230769
B-25726,490,-128,8,Furniture,Bookcases,2018-07-21,Kiran,Maharashtra,Mumbai,2018,July,-0.26122449
B-25698,516,-392,8,Furniture,Chairs,2018-06-23,Amisha,Tamil Nadu,Chennai,2018,June,-0.759689922
B-25959,637,212,8,Electronics,Phones,2019-01-18,Muskan,Madhya Pradesh,Indore,2019,January,0.332810047
B-25638,880,97,8,Furniture,Furnishings,2018-04-26,Parth,Maharashtra,Pune,2018,April,0.110227273
B-25855,1027,441,8,Clothing,Saree,2018-11-08,Abhijeet,Madhya Pradesh,Bhopal,2018,November,0.429406037
B-25667,1030,206,8,Electronics,Printers,2018-05-23,Anjali,Haryana,Chandigarh,2018,May,0.2
B-25643,1061,-36,8,Furniture,Bookcases,2018-04-29,Kirti,Jammu and Kashmir,Kashmir,2018,April,-0.033930254
B-26055,1218,420,8,Furniture,Bookcases,2019-03-10,Yaanvi,Madhya Pradesh,Indore,2019,March,0.344827586
B-25653,1279,-640,8,Electronics,Printers,2018-05-08,Farah,Nagaland,Kohima,2018,May,-0.50039093
B-25697,1300,-16,8,Electronics,Printers,2018-06-22,Vijay,Jammu and Kashmir,Kashmir,2018,June,-0.012307692
B-25653,1327,318,8,Furniture,Chairs,2018-05-08,Farah,Nagaland,Kohima,2018,May,0.239638282
B-25842,1543,370,8,Electronics,Printers,2018-11-02,Sheetal,Madhya Pradesh,Indore,2018,November,0.239792612
B-26022,1824,-1303,8,Electronics,Phones,2019-02-18,Shrichand,Punjab,Chandigarh,2019,February,-0.714364035
B-25823,2103,322,8,Electronics,Electronic Games,2018-10-18,Rohan,Maharashtra,Mumbai,2018,October,0.153114598
B-26093,2847,712,8,Electronics,Printers,2019-03-27,Sarita,Maharashtra,Pune,2019,March,0.250087812
B-25955,2927,146,8,Furniture,Bookcases,2019-01-16,Soumya,Maharashtra,Pune,2019,January,0.049880424
B-25833,36,4,9,Clothing,Hankerchief,2018-10-29,Krishna,Madhya Pradesh,Indore,2018,October,0.111111111
B-25789,67,-86,9,Furniture,Furnishings,2018-09-22,Akshay,Uttar Pradesh,Lucknow,2018,September,-1.28358209
B-25818,75,28,9,Clothing,Hankerchief,2018-10-14,Sandeep,Madhya Pradesh,Indore,2018,October,0.373333333
B-25693,76,-72,9,Clothing,Hankerchief,2018-06-18,Parna,Madhya Pradesh,Bhopal,2018,June,-0.947368421
B-25988,79,24,9,Clothing,Skirt,2019-01-31,Nirja,Delhi,Delhi,2019,January,0.303797468
B-25916,80,26,9,Clothing,Skirt,2018-12-20,Utkarsh,Gujarat,Surat,2018,December,0.325
B-25952,87,32,9,Clothing,Skirt,2019-01-13,Priyanka,Madhya Pradesh,Indore,2019,January,0.367816092
B-25656,101,18,9,Clothing,Skirt,2018-05-11,Priyanka,Maharashtra,Pune,2018,May,0.178217822
B-25951,111,11,9,Clothing,Hankerchief,2019-01-13,Jesal,West Bengal,Kolkata,2019,January,0.099099099
B-25800,122,-66,9,Electronics,Accessories,2018-10-01,Ishit,Maharashtra,Pune,2018,October,-0.540983607
B-25604,157,5,9,Clothing,Saree,2018-04-03,Divsha,Rajasthan,Jaipur,2018,April,0.031847134
B-25695,171,14,9,Clothing,Shirt,2018-06-18,Suhani,West Bengal,Kolkata,2018,June,0.081871345
B-25703,186,-141,9,Clothing,Shirt,2018-06-28,Ekta,Madhya Pradesh,Indore,2018,June,-0.758064516
B-25950,190,19,9,Furniture,Furnishings,2019-01-13,Shruti,Madhya Pradesh,Indore,2019,January,0.1
B-26009,195,12,9,Clothing,Shirt,2019-02-10,Komal,Uttar Pradesh,Lucknow,2019,February,0.061538462
B-25930,202,89,9,Clothing,T-shirt,2019-01-03,Monica,Punjab,Chandigarh,2019,January,0.440594059
B-25967,229,59,9,Clothing,Saree,2019-01-21,Komal,Uttar Pradesh,Allahabad,2019,January,0.257641921
B-25703,231,-190,9,Clothing,Hankerchief,2018-06-28,Ekta,Madhya Pradesh,Indore,2018,June,-0.822510823
B-25851,237,47,9,Clothing,T-shirt,2018-11-06,Kushal,Nagaland,Kohima,2018,November,0.198312236
B-26026,255,76,9,Clothing,Hankerchief,2019-02-19,Kanak,Goa,Goa,2019,February,0.298039216
B-25761,263,-31,9,Electronics,Electronic Games,2018-08-25,Surabhi,Maharashtra,Mumbai,2018,August,-0.117870722
B-26073,290,110,9,Clothing,Stole,2019-03-21,Pournamasi,Madhya Pradesh,Indore,2019,March,0.379310345
B-25955,294,62,9,Clothing,T-shirt,2019-01-16,Soumya,Maharashtra,Pune,2019,January,0.210884354
B-25655,396,-31,9,Clothing,Saree,2018-05-11,Nida,Madhya Pradesh,Indore,2018,May,-0.078282828
B-25797,413,-314,9,Furniture,Chairs,2018-09-30,Sauptik,Madhya Pradesh,Indore,2018,September,-0.760290557
B-25702,424,-17,9,Furniture,Chairs,2018-06-27,Shaily,Maharashtra,Mumbai,2018,June,-0.04009434
B-25854,436,131,9,Clothing,Hankerchief,2018-11-08,Shubham,Maharashtra,Pune,2018,November,0.300458716
B-25890,465,207,9,Clothing,Saree,2018-12-04,Divyansha,Maharashtra,Mumbai,2018,December,0.44516129
B-25870,473,113,9,Clothing,Hankerchief,2018-11-20,Pranav,Andhra Pradesh,Hyderabad,2018,November,0.238900634
B-26055,671,114,9,Electronics,Phones,2019-03-10,Yaanvi,Madhya Pradesh,Indore,2019,March,0.169895678
B-25752,761,266,9,Electronics,Electronic Games,2018-08-14,Vaibhav,Madhya Pradesh,Indore,2018,August,0.349540079
B-25986,918,22,9,Electronics,Electronic Games,2019-01-31,Shweta,Rajasthan,Udaipur,2019,January,0.023965142
B-25675,929,-93,9,Clothing,Saree,2018-05-31,Shreya,Madhya Pradesh,Bhopal,2018,May,-0.100107643
B-25957,1157,-13,9,Furniture,Bookcases,2019-01-18,Mahima,Madhya Pradesh,Indore,2019,January,-0.011235955
B-25953,1218,352,9,Furniture,Bookcases,2019-01-14,Krutika,Andhra Pradesh,Hyderabad,2019,January,0.288998358
B-25836,1298,65,9,Electronics,Printers,2018-10-29,Arti,Maharashtra,Pune,2018,October,0.050077042
B-25752,1361,197,9,Furniture,Bookcases,2018-08-14,Vaibhav,Madhya Pradesh,Indore,2018,August,0.14474651
B-25613,1603,0,9,Clothing,Saree,2018-04-12,Mukesh,Haryana,Chandigarh,2018,April,0
B-26051,85,24,10,Clothing,Hankerchief,2019-03-07,Parishi,West Bengal,Kolkata,2019,March,0.282352941
B-25950,158,-29,10,Clothing,Hankerchief,2019-01-13,Shruti,Madhya Pradesh,Indore,2019,January,-0.183544304
B-25847,264,71,10,Furniture,Furnishings,2018-11-03,Aniket,Haryana,Chandigarh,2018,November,0.268939394
B-26023,1117,447,10,Furniture,Bookcases,2019-02-19,Mukesh,Haryana,Chandigarh,2019,February,0.400179051
B-26035,291,119,11,Clothing,Saree,2019-02-23,Pinky,Jammu and Kashmir,Kashmir,2019,February,0.408934708
B-25745,296,-225,11,Clothing,Saree,2018-08-09,Kartik,Gujarat,Ahmedabad,2018,August,-0.760135135
B-25662,385,-77,11,Furniture,Furnishings,2018-05-17,Sweta,Maharashtra,Mumbai,2018,May,-0.2
B-25642,434,26,11,Clothing,Shirt,2018-04-28,Ajay,Karnataka,Bangalore,2018,April,0.059907834
B-25682,545,-73,11,Electronics,Phones,2018-06-07,Krutika,Bihar,Patna,2018,June,-0.133944954
B-25802,633,-633,11,Electronics,Accessories,2018-10-05,Yash,Maharashtra,Mumbai,2018,October,-1
B-25850,916,192,11,Electronics,Phones,2018-11-05,Abhishek,Goa,Goa,2018,November,0.209606987
B-25964,1270,546,11,Electronics,Electronic Games,2019-01-20,Oshin,Madhya Pradesh,Indore,2019,January,0.42992126
B-25793,1402,109,11,Clothing,Saree,2018-09-24,Siddharth,Madhya Pradesh,Indore,2018,September,0.077746077
B-25858,2457,665,11,Electronics,Electronic Games,2018-11-13,Swapnil,Maharashtra,Mumbai,2018,November,0.270655271
B-25750,42,-15,12,Clothing,Skirt,2018-08-14,Priyanshu,Madhya Pradesh,Indore,2018,August,-0.357142857
B-25770,287,-280,12,Furniture,Chairs,2018-09-02,Sakshi,Madhya Pradesh,Indore,2018,September,-0.975609756
B-25973,571,108,12,Clothing,Stole,2019-01-24,Seema,Uttar Pradesh,Allahabad,2019,January,0.189141856
B-25640,314,-239,13,Clothing,Hankerchief,2018-04-27,Paridhi,Rajasthan,Jaipur,2018,April,-0.761146497
B-26019,585,175,13,Clothing,T-shirt,2019-02-15,Jitesh,Uttar Pradesh,Lucknow,2019,February,0.299145299
B-25798,2830,-1981,13,Furniture,Bookcases,2018-10-01,Shishu,Andhra Pradesh,Hyderabad,2018,October,-0.7
B-25973,4141,1698,13,Electronics,Printers,2019-01-24,Seema,Uttar Pradesh,Allahabad,2019,January,0.410045883
B-26055,213,4,14,Clothing,Shirt,2019-03-10,Yaanvi,Madhya Pradesh,Indore,2019,March,0.018779343
B-26055,5729,64,14,Furniture,Chairs,2019-03-10,Yaanvi,Madhya Pradesh,Indore,2019,March,0.011171234
